method,threshold_mode,suite,horizon_cap,risks,episodes,alarms,tp,fp,precision,recall,mean_matched_prior,lift,median_alarm_chunk
v4:front_lock,per_task,libero_goal,30,106,4000,65,64,1,0.9846153846153847,0.6037735849056604,0.6522078407905092,1.5096650531247533,24.0
v4:front_lock,per_task,libero_long,52,274,4000,112,82,30,0.7321428571428571,0.29927007299270075,0.3436373071660571,2.130568602055367,26.0
v4:front_lock,per_task,libero_object,28,44,3600,16,15,1,0.9375,0.3409090909090909,0.7643437930066354,1.226542308026385,22.5
v4:front_lock,per_task,libero_spatial,22,140,4000,83,79,4,0.9518072289156626,0.5642857142857143,0.9520461415425169,0.999749053521222,19.0
v4:back_lock,per_task,libero_goal,30,106,4000,96,85,11,0.8854166666666666,0.8018867924528302,0.6690244400940584,1.323444426846627,24.0
v4:back_lock,per_task,libero_long,52,274,4000,325,202,123,0.6215384615384615,0.7372262773722628,0.3354741848357545,1.8527162137461093,30.0
v4:back_lock,per_task,libero_object,28,44,3600,19,18,1,0.9473684210526315,0.4090909090909091,0.6727480284362243,1.4082069080971538,20.0
v4:back_lock,per_task,libero_spatial,22,140,4000,115,104,11,0.9043478260869565,0.7428571428571429,0.9163351992949422,0.986918135178907,18.0
v4:all_lock,per_task,libero_goal,30,106,4000,84,81,3,0.9642857142857143,0.7641509433962265,0.7219767701430223,1.335618754180541,24.0
v4:all_lock,per_task,libero_long,52,274,4000,260,191,69,0.7346153846153847,0.6970802919708029,0.38315783332286735,1.917265734187306,32.0
v4:all_lock,per_task,libero_object,28,44,3600,18,17,1,0.9444444444444444,0.38636363636363635,0.7200926639612875,1.3115595974120606,22.0
v4:all_lock,per_task,libero_spatial,22,140,4000,96,93,3,0.96875,0.6642857142857143,0.9596641521591781,1.0094677370415257,19.0
v4:L5_switching,per_task,libero_goal,30,106,4000,15,13,2,0.8666666666666667,0.12264150943396226,0.5274673015797448,1.6430718341611557,17.0
v4:L5_switching,per_task,libero_long,52,274,4000,7,5,2,0.7142857142857143,0.01824817518248175,0.6422974202518275,1.1120793759465237,37.0
v4:L5_switching,per_task,libero_object,28,44,3600,15,14,1,0.9333333333333333,0.3181818181818182,0.596337946829965,1.5651080705073033,20.0
v4:L5_switching,per_task,libero_spatial,22,140,4000,2,2,0,1.0,0.014285714285714285,0.8536585365853658,1.1714285714285715,14.0
v4_dual_regime,per_task,libero_goal,30,106,4000,93,88,5,0.946236559139785,0.8301886792452831,0.6734675100034104,1.405021838596183,24.0
v4_dual_regime,per_task,libero_long,52,274,4000,267,196,71,0.7340823970037453,0.7153284671532847,0.3899517550775592,1.8824954303840498,33.0
v4_dual_regime,per_task,libero_object,28,44,3600,33,31,2,0.9393939393939394,0.7045454545454546,0.6638405198106864,1.4150897864171281,21.0
v4_dual_regime,per_task,libero_spatial,22,140,4000,98,95,3,0.9693877551020408,0.6785714285714286,0.9575007722495086,1.0124145934886355,19.0
v7:freeze,task_agnostic,libero_goal,30,106,4000,61,61,0,1.0,0.5754716981132075,0.7379020615241958,1.3551933950888007,24.0
v7:freeze,task_agnostic,libero_long,52,274,4000,243,192,51,0.7901234567901234,0.7007299270072993,0.4203171908277881,1.879826650044994,32.0
v7:freeze,task_agnostic,libero_object,28,44,3600,23,17,6,0.7391304347826086,0.38636363636363635,0.5596682223188459,1.3206582137542233,19.0
v7:freeze,task_agnostic,libero_spatial,22,140,4000,75,73,2,0.9733333333333334,0.5214285714285715,0.9734114323598834,0.9999197677118291,19.0
v7:acceleration,task_agnostic,libero_goal,30,106,4000,35,27,8,0.7714285714285715,0.25471698113207547,0.7694208314375099,1.0026094172512985,21.0
v7:acceleration,task_agnostic,libero_long,52,274,4000,370,177,193,0.4783783783783784,0.6459854014598541,0.3523346713423441,1.357738585748107,26.0
v7:acceleration,task_agnostic,libero_object,28,44,3600,27,25,2,0.9259259259259259,0.5681818181818182,0.7411182272640853,1.2493633159503814,21.0
v7:acceleration,task_agnostic,libero_spatial,22,140,4000,62,60,2,0.967741935483871,0.42857142857142855,0.9736521162153223,0.9939298845727109,20.0
v7:periodicity,task_agnostic,libero_goal,30,106,4000,94,86,8,0.9148936170212766,0.8113207547169812,0.6494492917851068,1.4087221721445828,22.0
v7:periodicity,task_agnostic,libero_long,52,274,4000,590,106,484,0.17966101694915254,0.38686131386861317,0.15327028898425643,1.1721842383138386,15.0
v7:periodicity,task_agnostic,libero_object,28,44,3600,841,19,822,0.022592152199762187,0.4318181818181818,0.04044625037202747,0.5585722283761282,12.0
v7:periodicity,task_agnostic,libero_spatial,22,140,4000,668,130,538,0.19461077844311378,0.9285714285714286,0.19350571223296983,1.0057107679013295,11.0
v7:turbulence,task_agnostic,libero_goal,30,106,4000,16,15,1,0.9375,0.14150943396226415,0.9007824846065642,1.0407617999027512,23.0
v7:turbulence,task_agnostic,libero_long,52,274,4000,115,88,27,0.7652173913043478,0.32116788321167883,0.5774558351570701,1.3251531021349987,32.0
v7:turbulence,task_agnostic,libero_object,28,44,3600,12,10,2,0.8333333333333334,0.22727272727272727,0.8938072342235591,0.9323412268611153,22.5
v7:turbulence,task_agnostic,libero_spatial,22,140,4000,55,54,1,0.9818181818181818,0.38571428571428573,0.9794798948273321,1.002387274106593,20.0
v7_guard,task_agnostic,libero_goal,30,106,4000,74,73,1,0.9864864864864865,0.6886792452830188,0.7647080862944404,1.2900170720918116,24.0
v7_guard,task_agnostic,libero_long,52,274,4000,305,236,69,0.7737704918032787,0.8613138686131386,0.43086456101522413,1.795855500345823,31.0
v7_guard,task_agnostic,libero_object,28,44,3600,29,22,7,0.7586206896551724,0.5,0.6318904747072418,1.2005572484798814,20.0
v7_guard,task_agnostic,libero_spatial,22,140,4000,111,108,3,0.972972972972973,0.7714285714285715,0.9748318677591397,0.9980931124149237,19.0
mobility|per_task,per_task,libero_goal,30,106,4000,81,78,3,0.9629629629629629,0.7358490566037735,0.6276542248895665,1.534225254569732,23.0
mobility|per_task,per_task,libero_long,52,274,4000,136,94,42,0.6911764705882353,0.34306569343065696,0.34627810906765644,1.996015493007073,24.5
mobility|per_task,per_task,libero_object,28,44,3600,17,15,2,0.8823529411764706,0.3409090909090909,0.6927065154286313,1.2737760097874788,21.0
mobility|per_task,per_task,libero_spatial,22,140,4000,95,85,10,0.8947368421052632,0.6071428571428571,0.9070552295855687,0.9864193633656312,18.0
mobility|global,global,libero_goal,30,106,4000,38,37,1,0.9736842105263158,0.3490566037735849,0.629613274001022,1.5464798007494602,23.5
mobility|global,global,libero_long,52,274,4000,172,156,16,0.9069767441860465,0.5693430656934306,0.49232783998238483,1.8422211187945363,35.0
mobility|global,global,libero_object,28,44,3600,2,2,0,1.0,0.045454545454545456,0.9671497584541062,1.033966033966034,25.5
mobility|global,global,libero_spatial,22,140,4000,0,0,0,0.0,0.0,,,
conditional_query_d1|per_task,per_task,libero_goal,30,106,4000,35,33,2,0.9428571428571428,0.3113207547169811,0.43229996556800604,2.1810252555035654,16.0
conditional_query_d1|per_task,per_task,libero_long,52,274,4000,77,64,13,0.8311688311688312,0.23357664233576642,0.45371076867663906,1.831935427922822,32.0
conditional_query_d1|per_task,per_task,libero_object,28,44,3600,18,15,3,0.8333333333333334,0.3409090909090909,0.6976407220734381,1.194502136940354,20.0
conditional_query_d1|per_task,per_task,libero_spatial,22,140,4000,47,43,4,0.9148936170212766,0.30714285714285716,0.9574386457091588,0.9555637023024386,18.0
conditional_query_d1|global,global,libero_goal,30,106,4000,13,13,0,1.0,0.12264150943396226,0.9141361293292621,1.0939289761293425,25.0
conditional_query_d1|global,global,libero_long,52,274,4000,192,163,29,0.8489583333333334,0.5948905109489051,0.4223811284602165,2.0099343368587443,32.0
conditional_query_d1|global,global,libero_object,28,44,3600,2,2,0,1.0,0.045454545454545456,0.9671497584541062,1.033966033966034,25.5
conditional_query_d1|global,global,libero_spatial,22,140,4000,18,16,2,0.8888888888888888,0.11428571428571428,0.9697029866616115,0.9166609787900719,18.0
partial_query_d1|per_task,per_task,libero_goal,30,106,4000,44,38,6,0.8636363636363636,0.3584905660377358,0.5049230744203403,1.7104315635165452,17.0
partial_query_d1|per_task,per_task,libero_long,52,274,4000,70,60,10,0.8571428571428571,0.21897810218978103,0.45335134134168725,1.890681197955992,33.0
partial_query_d1|per_task,per_task,libero_object,28,44,3600,7,6,1,0.8571428571428571,0.13636363636363635,0.9001173222912352,0.9522568179901402,23.0
partial_query_d1|per_task,per_task,libero_spatial,22,140,4000,55,52,3,0.9454545454545454,0.37142857142857144,0.9597909843480406,0.9850629573237412,20.0
partial_query_d1|global,global,libero_goal,30,106,4000,0,0,0,0.0,0.0,,,
partial_query_d1|global,global,libero_long,52,274,4000,233,62,171,0.26609442060085836,0.22627737226277372,0.14744243443339294,1.8047343129095335,17.0
partial_query_d1|global,global,libero_object,28,44,3600,0,0,0,0.0,0.0,,,
partial_query_d1|global,global,libero_spatial,22,140,4000,5,3,2,0.6,0.02142857142857143,0.46154408767979227,1.2999841532284235,13.0
flow_path|per_task,per_task,libero_goal,30,106,4000,44,38,6,0.8636363636363636,0.3584905660377358,0.22891829377177217,3.7726839100827614,13.0
flow_path|per_task,per_task,libero_long,52,274,4000,25,9,16,0.36,0.032846715328467155,0.3739788797652806,0.962621205309631,28.0
flow_path|per_task,per_task,libero_object,28,44,3600,35,27,8,0.7714285714285715,0.6136363636363636,0.6882475489778965,1.120859162628629,20.0
flow_path|per_task,per_task,libero_spatial,22,140,4000,86,79,7,0.9186046511627907,0.5642857142857143,0.7856562641226827,1.1692195341795781,17.0
flow_path|global,global,libero_goal,30,106,4000,2,2,0,1.0,0.018867924528301886,0.9860678435444791,1.0141290039491004,25.5
flow_path|global,global,libero_long,52,274,4000,11,9,2,0.8181818181818182,0.032846715328467155,0.5342104193833986,1.5315721829727464,33.0
flow_path|global,global,libero_object,28,44,3600,6,6,0,1.0,0.13636363636363635,0.6376845900555381,1.5681733816288497,19.0
flow_path|global,global,libero_spatial,22,140,4000,35,33,2,0.9428571428571428,0.2357142857142857,0.8235816507759359,1.1448253393805359,17.0
flow_endpoint|per_task,per_task,libero_goal,30,106,4000,53,46,7,0.8679245283018868,0.4339622641509434,0.2923300475203223,2.968988428196216,12.0
flow_endpoint|per_task,per_task,libero_long,52,274,4000,49,33,16,0.673469387755102,0.12043795620437957,0.521110281164775,1.292374017741076,31.0
flow_endpoint|per_task,per_task,libero_object,28,44,3600,29,23,6,0.7931034482758621,0.5227272727272727,0.5863747957581886,1.3525537830294552,19.0
flow_endpoint|per_task,per_task,libero_spatial,22,140,4000,70,60,10,0.8571428571428571,0.42857142857142855,0.7727950484697994,1.1091464144860577,18.0
flow_endpoint|global,global,libero_goal,30,106,4000,0,0,0,0.0,0.0,,,
flow_endpoint|global,global,libero_long,52,274,4000,0,0,0,0.0,0.0,,,
flow_endpoint|global,global,libero_object,28,44,3600,0,0,0,0.0,0.0,,,
flow_endpoint|global,global,libero_spatial,22,140,4000,68,59,9,0.8676470588235294,0.42142857142857143,0.7899495654019094,1.0983575367651341,17.0
flow_settling_log_ratio|per_task,per_task,libero_goal,30,106,4000,77,61,16,0.7922077922077922,0.5754716981132075,0.1670531233297598,4.742250706944213,12.0
flow_settling_log_ratio|per_task,per_task,libero_long,52,274,4000,121,84,37,0.6942148760330579,0.30656934306569344,0.5356632977103079,1.2959911179288903,32.0
flow_settling_log_ratio|per_task,per_task,libero_object,28,44,3600,59,32,27,0.5423728813559322,0.7272727272727273,0.31512448620467887,1.721138486850722,16.0
flow_settling_log_ratio|per_task,per_task,libero_spatial,22,140,4000,134,127,7,0.9477611940298507,0.9071428571428571,0.8867518633410084,1.06880090497806,17.0
flow_settling_log_ratio|global,global,libero_goal,30,106,4000,3,3,0,1.0,0.02830188679245283,0.21054524558023188,4.749572934996211,15.0
flow_settling_log_ratio|global,global,libero_long,52,274,4000,0,0,0,0.0,0.0,,,
flow_settling_log_ratio|global,global,libero_object,28,44,3600,2,0,2,0.0,0.0,0.014671557185728577,0.0,12.0
flow_settling_log_ratio|global,global,libero_spatial,22,140,4000,0,0,0,0.0,0.0,,,
action_consensus|per_task,per_task,libero_goal,30,106,4000,39,31,8,0.7948717948717948,0.29245283018867924,0.39497592519007363,2.012456314873571,17.0
action_consensus|per_task,per_task,libero_long,52,274,4000,40,20,20,0.5,0.072992700729927,0.33887908551272544,1.4754525179489846,25.0
action_consensus|per_task,per_task,libero_object,28,44,3600,23,19,4,0.8260869565217391,0.4318181818181818,0.4183547536743105,1.9746087483563015,18.0
action_consensus|per_task,per_task,libero_spatial,22,140,4000,33,31,2,0.9393939393939394,0.22142857142857142,0.8660167702933836,1.0847295013417553,18.0
action_consensus|global,global,libero_goal,30,106,4000,19,14,5,0.7368421052631579,0.1320754716981132,0.21075730748284288,3.496163972028073,16.0
action_consensus|global,global,libero_long,52,274,4000,1,1,0,1.0,0.0036496350364963502,0.4910394265232975,2.0364963503649633,34.0
action_consensus|global,global,libero_object,28,44,3600,0,0,0,0.0,0.0,,,
action_consensus|global,global,libero_spatial,22,140,4000,0,0,0,0.0,0.0,,,
state_action_alignment|per_task,per_task,libero_goal,30,106,4000,27,25,2,0.9259259259259259,0.2358490566037736,0.3317605092186933,2.7909467829866528,15.0
state_action_alignment|per_task,per_task,libero_long,52,274,4000,17,10,7,0.5882352941176471,0.0364963503649635,0.5158823976491826,1.1402507563703828,34.0
state_action_alignment|per_task,per_task,libero_object,28,44,3600,3,2,1,0.6666666666666666,0.045454545454545456,0.4649944258639911,1.4337089426995924,17.0
state_action_alignment|per_task,per_task,libero_spatial,22,140,4000,2,0,2,0.0,0.0,0.035,0.0,6.0
state_action_alignment|global,global,libero_goal,30,106,4000,9,9,0,1.0,0.08490566037735849,0.8825822877131033,1.1330388269983784,26.0
state_action_alignment|global,global,libero_long,52,274,4000,32,24,8,0.75,0.08759124087591241,0.4509767305655054,1.6630569809212379,32.5
state_action_alignment|global,global,libero_object,28,44,3600,0,0,0,0.0,0.0,,,
state_action_alignment|global,global,libero_spatial,22,140,4000,0,0,0,0.0,0.0,,,
conditional_energy|per_task,per_task,libero_goal,30,106,4000,27,25,2,0.9259259259259259,0.2358490566037736,0.33295187289428624,2.7809602567393026,15.0
conditional_energy|per_task,per_task,libero_long,52,274,4000,17,10,7,0.5882352941176471,0.0364963503649635,0.5158823976491826,1.1402507563703828,34.0
conditional_energy|per_task,per_task,libero_object,28,44,3600,3,2,1,0.6666666666666666,0.045454545454545456,0.4649944258639911,1.4337089426995924,17.0
conditional_energy|per_task,per_task,libero_spatial,22,140,4000,2,0,2,0.0,0.0,0.035,0.0,6.0
conditional_energy|global,global,libero_goal,30,106,4000,9,9,0,1.0,0.08490566037735849,0.8825822877131033,1.1330388269983784,26.0
conditional_energy|global,global,libero_long,52,274,4000,32,24,8,0.75,0.08759124087591241,0.45287265736143123,1.6560946831493861,32.5
conditional_energy|global,global,libero_object,28,44,3600,0,0,0,0.0,0.0,,,
conditional_energy|global,global,libero_spatial,22,140,4000,0,0,0,0.0,0.0,,,
conditional_effective_rank|per_task,per_task,libero_goal,30,106,4000,40,40,0,1.0,0.37735849056603776,0.5561876107678482,1.7979544683123092,16.0
conditional_effective_rank|per_task,per_task,libero_long,52,274,4000,34,24,10,0.7058823529411765,0.08759124087591241,0.5176453542350932,1.3636408540442417,34.5
conditional_effective_rank|per_task,per_task,libero_object,28,44,3600,0,0,0,0.0,0.0,,,
conditional_effective_rank|per_task,per_task,libero_spatial,22,140,4000,39,39,0,1.0,0.2785714285714286,0.9792853426247847,1.0211528310223592,20.0
conditional_effective_rank|global,global,libero_goal,30,106,4000,0,0,0,0.0,0.0,,,
conditional_effective_rank|global,global,libero_long,52,274,4000,244,86,158,0.3524590163934426,0.31386861313868614,0.1762582804851248,1.9996735212856465,17.0
conditional_effective_rank|global,global,libero_object,28,44,3600,0,0,0,0.0,0.0,,,
conditional_effective_rank|global,global,libero_spatial,22,140,4000,2,2,0,1.0,0.014285714285714285,0.9163397578031724,1.0912982782689622,16.5
partial_edge_std|per_task,per_task,libero_goal,30,106,4000,39,36,3,0.9230769230769231,0.33962264150943394,0.3588234599425184,2.5725099558005353,13.0
partial_edge_std|per_task,per_task,libero_long,52,274,4000,30,24,6,0.8,0.08759124087591241,0.58158066899015,1.3755615388474154,37.0
partial_edge_std|per_task,per_task,libero_object,28,44,3600,1,1,0,1.0,0.022727272727272728,0.9565217391304348,1.0454545454545454,25.0
partial_edge_std|per_task,per_task,libero_spatial,22,140,4000,47,42,5,0.8936170212765957,0.3,0.8941225678465443,0.9994345891848293,19.0
partial_edge_std|global,global,libero_goal,30,106,4000,1,1,0,1.0,0.009433962264150943,0.9217391304347826,1.0849056603773586,22.0
partial_edge_std|global,global,libero_long,52,274,4000,235,89,146,0.37872340425531914,0.3248175182481752,0.17357978434214166,2.181840504587911,19.0
partial_edge_std|global,global,libero_object,28,44,3600,0,0,0,0.0,0.0,,,
partial_edge_std|global,global,libero_spatial,22,140,4000,10,9,1,0.9,0.06428571428571428,0.7554314120321305,1.1913722221041567,14.0
expert_load_effective_rank|per_task,per_task,libero_goal,30,106,4000,105,95,10,0.9047619047619048,0.8962264150943396,0.3933757413622601,2.2999941522288956,17.0
expert_load_effective_rank|per_task,per_task,libero_long,52,274,4000,177,120,57,0.6779661016949152,0.43795620437956206,0.38465606121911505,1.762525461177432,29.0
expert_load_effective_rank|per_task,per_task,libero_object,28,44,3600,27,18,9,0.6666666666666666,0.4090909090909091,0.39962212904876787,1.6682426177287843,17.0
expert_load_effective_rank|per_task,per_task,libero_spatial,22,140,4000,154,137,17,0.8896103896103896,0.9785714285714285,0.7717799761108857,1.1526735820398826,16.0
expert_load_effective_rank|global,global,libero_goal,30,106,4000,0,0,0,0.0,0.0,,,
expert_load_effective_rank|global,global,libero_long,52,274,4000,119,101,18,0.8487394957983193,0.3686131386861314,0.548521055117094,1.5473234580159132,34.0
expert_load_effective_rank|global,global,libero_object,28,44,3600,0,0,0,0.0,0.0,,,
expert_load_effective_rank|global,global,libero_spatial,22,140,4000,154,136,18,0.8831168831168831,0.9714285714285714,0.7658602717877118,1.1531044443073992,16.0
flow:mobility_s0|per_task,per_task,libero_goal,30,106,4000,97,93,4,0.9587628865979382,0.8773584905660378,0.6353621402274117,1.5090022302159418,24.0
flow:mobility_s0|per_task,per_task,libero_long,52,274,4000,199,160,39,0.8040201005025126,0.583941605839416,0.4708354948070696,1.707645471444266,34.0
flow:mobility_s0|per_task,per_task,libero_object,28,44,3600,9,8,1,0.8888888888888888,0.18181818181818182,0.6896842432046448,1.2888345611009349,21.0
flow:mobility_s0|per_task,per_task,libero_spatial,22,140,4000,63,57,6,0.9047619047619048,0.40714285714285714,0.9187512581684615,0.9847735137425068,18.0
flow:mobility_s0|global,global,libero_goal,30,106,4000,47,37,10,0.7872340425531915,0.3490566037735849,0.5137669862004177,1.5322783746289526,17.0
flow:mobility_s0|global,global,libero_long,52,274,4000,73,72,1,0.9863013698630136,0.26277372262773724,0.7538664268002739,1.3083237756710977,43.0
flow:mobility_s0|global,global,libero_object,28,44,3600,0,0,0,0.0,0.0,,,
flow:mobility_s0|global,global,libero_spatial,22,140,4000,0,0,0,0.0,0.0,,,
flow:mobility_s1|per_task,per_task,libero_goal,30,106,4000,98,95,3,0.9693877551020408,0.8962264150943396,0.6481149649937432,1.495703397485042,24.0
flow:mobility_s1|per_task,per_task,libero_long,52,274,4000,205,166,39,0.8097560975609757,0.6058394160583942,0.4363936009668532,1.8555636374294169,34.0
flow:mobility_s1|per_task,per_task,libero_object,28,44,3600,8,7,1,0.875,0.1590909090909091,0.7518773063563171,1.1637537036998091,22.0
flow:mobility_s1|per_task,per_task,libero_spatial,22,140,4000,67,60,7,0.8955223880597015,0.42857142857142855,0.9081178671988885,0.9861301273830917,18.0
flow:mobility_s1|global,global,libero_goal,30,106,4000,48,39,9,0.8125,0.36792452830188677,0.5408139290769368,1.5023651505921416,18.0
flow:mobility_s1|global,global,libero_long,52,274,4000,65,65,0,1.0,0.23722627737226276,0.8202919497953002,1.2190781590012496,43.0
flow:mobility_s1|global,global,libero_object,28,44,3600,0,0,0,0.0,0.0,,,
flow:mobility_s1|global,global,libero_spatial,22,140,4000,0,0,0,0.0,0.0,,,
flow:mobility_s2|per_task,per_task,libero_goal,30,106,4000,97,95,2,0.979381443298969,0.8962264150943396,0.670865008613438,1.4598785608496427,24.0
flow:mobility_s2|per_task,per_task,libero_long,52,274,4000,209,169,40,0.8086124401913876,0.6167883211678832,0.4266369130627981,1.8953175766869597,34.0
flow:mobility_s2|per_task,per_task,libero_object,28,44,3600,8,7,1,0.875,0.1590909090909091,0.7410675579286442,1.180729058556699,21.0
flow:mobility_s2|per_task,per_task,libero_spatial,22,140,4000,70,62,8,0.8857142857142857,0.44285714285714284,0.8996939415708717,0.9844617650395895,18.0
flow:mobility_s2|global,global,libero_goal,30,106,4000,42,39,3,0.9285714285714286,0.36792452830188677,0.6081691213876798,1.526830935534307,21.0
flow:mobility_s2|global,global,libero_long,52,274,4000,91,89,2,0.978021978021978,0.3248175182481752,0.6271669056918507,1.5594285494753366,38.0
flow:mobility_s2|global,global,libero_object,28,44,3600,0,0,0,0.0,0.0,,,
flow:mobility_s2|global,global,libero_spatial,22,140,4000,0,0,0,0.0,0.0,,,
flow:mobility_s3|per_task,per_task,libero_goal,30,106,4000,97,95,2,0.979381443298969,0.8962264150943396,0.6872417415364424,1.4250901598459373,24.0
flow:mobility_s3|per_task,per_task,libero_long,52,274,4000,213,170,43,0.7981220657276995,0.6204379562043796,0.41231286243456355,1.9357195432009258,33.0
flow:mobility_s3|per_task,per_task,libero_object,28,44,3600,8,7,1,0.875,0.1590909090909091,0.7384105530977263,1.1849776473660398,21.0
flow:mobility_s3|per_task,per_task,libero_spatial,22,140,4000,74,65,9,0.8783783783783784,0.4642857142857143,0.8957727657825648,0.9805816965321664,18.0
flow:mobility_s3|global,global,libero_goal,30,106,4000,45,42,3,0.9333333333333333,0.39622641509433965,0.6274112489085918,1.4875941975170286,24.0
flow:mobility_s3|global,global,libero_long,52,274,4000,102,100,2,0.9803921568627451,0.36496350364963503,0.5733013201608652,1.7100818058253422,37.0
flow:mobility_s3|global,global,libero_object,28,44,3600,0,0,0,0.0,0.0,,,
flow:mobility_s3|global,global,libero_spatial,22,140,4000,0,0,0,0.0,0.0,,,
flow:mobility_s4|per_task,per_task,libero_goal,30,106,4000,99,95,4,0.9595959595959596,0.8962264150943396,0.691888619778622,1.3869225944242205,24.0
flow:mobility_s4|per_task,per_task,libero_long,52,274,4000,221,173,48,0.7828054298642534,0.6313868613138686,0.39564423688237976,1.9785589094704088,33.0
flow:mobility_s4|per_task,per_task,libero_object,28,44,3600,9,8,1,0.8888888888888888,0.18181818181818182,0.7650069113955099,1.161935762472258,21.0
flow:mobility_s4|per_task,per_task,libero_spatial,22,140,4000,76,68,8,0.8947368421052632,0.4857142857142857,0.9106165345988619,0.9825616031663713,18.0
flow:mobility_s4|global,global,libero_goal,30,106,4000,69,54,15,0.782608695652174,0.5094339622641509,0.5559745339347866,1.4076340693402525,18.0
flow:mobility_s4|global,global,libero_long,52,274,4000,158,148,10,0.9367088607594937,0.5401459854014599,0.5013670414627078,1.8683096081200363,35.0
flow:mobility_s4|global,global,libero_object,28,44,3600,0,0,0,0.0,0.0,,,
flow:mobility_s4|global,global,libero_spatial,22,140,4000,0,0,0,0.0,0.0,,,
flow:mobility_s5|per_task,per_task,libero_goal,30,106,4000,77,76,1,0.987012987012987,0.7169811320754716,0.6829863180801318,1.445143132277483,25.0
flow:mobility_s5|per_task,per_task,libero_long,52,274,4000,177,138,39,0.7796610169491526,0.5036496350364964,0.4483713944422273,1.7388732345850222,33.0
flow:mobility_s5|per_task,per_task,libero_object,28,44,3600,8,7,1,0.875,0.1590909090909091,0.7603132966944814,1.150841375264812,22.0
flow:mobility_s5|per_task,per_task,libero_spatial,22,140,4000,78,74,4,0.9487179487179487,0.5285714285714286,0.9477878082824901,1.0009813804601941,18.0
flow:mobility_s5|global,global,libero_goal,30,106,4000,64,56,8,0.875,0.5283018867924528,0.6237919694438493,1.4027112288414338,23.5
flow:mobility_s5|global,global,libero_long,52,274,4000,161,150,11,0.9316770186335404,0.5474452554744526,0.492939032573962,1.8900451314813438,34.0
flow:mobility_s5|global,global,libero_object,28,44,3600,0,0,0,0.0,0.0,,,
flow:mobility_s5|global,global,libero_spatial,22,140,4000,0,0,0,0.0,0.0,,,
flow:mobility_s6|per_task,per_task,libero_goal,30,106,4000,94,91,3,0.9680851063829787,0.8584905660377359,0.7061917432838057,1.3708530517241162,24.0
flow:mobility_s6|per_task,per_task,libero_long,52,274,4000,184,141,43,0.7663043478260869,0.5145985401459854,0.4410441858436744,1.7374774964105277,34.0
flow:mobility_s6|per_task,per_task,libero_object,28,44,3600,9,8,1,0.8888888888888888,0.18181818181818182,0.7025347172368468,1.265259733191543,21.0
flow:mobility_s6|per_task,per_task,libero_spatial,22,140,4000,67,64,3,0.9552238805970149,0.45714285714285713,0.9614065816991492,0.9935691088246897,18.0
flow:mobility_s6|global,global,libero_goal,30,106,4000,62,53,9,0.8548387096774194,0.5,0.6213037702349313,1.3758788383888003,23.5
flow:mobility_s6|global,global,libero_long,52,274,4000,175,157,18,0.8971428571428571,0.572992700729927,0.48395325716307325,1.8537799753676525,34.0
flow:mobility_s6|global,global,libero_object,28,44,3600,1,1,0,1.0,0.022727272727272728,0.9777777777777777,1.0227272727272727,26.0
flow:mobility_s6|global,global,libero_spatial,22,140,4000,0,0,0,0.0,0.0,,,
flow:mobility_s7|per_task,per_task,libero_goal,30,106,4000,44,44,0,1.0,0.41509433962264153,0.5056366648321369,1.977704683128514,16.0
flow:mobility_s7|per_task,per_task,libero_long,52,274,4000,141,106,35,0.75177304964539,0.38686131386861317,0.410674431146553,1.8305815814890916,30.0
flow:mobility_s7|per_task,per_task,libero_object,28,44,3600,16,15,1,0.9375,0.3409090909090909,0.7212938604830186,1.299747649830539,22.5
flow:mobility_s7|per_task,per_task,libero_spatial,22,140,4000,87,85,2,0.9770114942528736,0.6071428571428571,0.9733267975431197,1.0037856727247774,19.0
flow:mobility_s7|global,global,libero_goal,30,106,4000,63,53,10,0.8412698412698413,0.5,0.6129119853449957,1.3725785453458013,24.0
flow:mobility_s7|global,global,libero_long,52,274,4000,185,163,22,0.8810810810810811,0.5948905109489051,0.48614712670122806,1.8123753750427245,34.0
flow:mobility_s7|global,global,libero_object,28,44,3600,3,2,1,0.6666666666666666,0.045454545454545456,0.9380998389694043,0.7106564130733314,25.0
flow:mobility_s7|global,global,libero_spatial,22,140,4000,0,0,0,0.0,0.0,,,
flow:mobility_s8|per_task,per_task,libero_goal,30,106,4000,82,80,2,0.975609756097561,0.7547169811320755,0.7267406573176222,1.3424455426761275,25.0
flow:mobility_s8|per_task,per_task,libero_long,52,274,4000,175,129,46,0.7371428571428571,0.4708029197080292,0.43653305103420564,1.688630117230451,31.0
flow:mobility_s8|per_task,per_task,libero_object,28,44,3600,16,15,1,0.9375,0.3409090909090909,0.7083077493719074,1.3235772174331413,22.0
flow:mobility_s8|per_task,per_task,libero_spatial,22,140,4000,87,85,2,0.9770114942528736,0.6071428571428571,0.9751780120604568,1.001880151284936,20.0
flow:mobility_s8|global,global,libero_goal,30,106,4000,60,55,5,0.9166666666666666,0.5188679245283019,0.6701528750599609,1.3678470999391732,25.0
flow:mobility_s8|global,global,libero_long,52,274,4000,213,180,33,0.8450704225352113,0.656934306569343,0.4651790889815431,1.8166560848326119,34.0
flow:mobility_s8|global,global,libero_object,28,44,3600,5,4,1,0.8,0.09090909090909091,0.9397575426123417,0.8512834042024893,25.0
flow:mobility_s8|global,global,libero_spatial,22,140,4000,0,0,0,0.0,0.0,,,
flow:mobility_s9|per_task,per_task,libero_goal,30,106,4000,81,78,3,0.9629629629629629,0.7358490566037735,0.6276542248895665,1.534225254569732,23.0
flow:mobility_s9|per_task,per_task,libero_long,52,274,4000,136,94,42,0.6911764705882353,0.34306569343065696,0.34627810906765644,1.996015493007073,24.5
flow:mobility_s9|per_task,per_task,libero_object,28,44,3600,17,15,2,0.8823529411764706,0.3409090909090909,0.6927065154286313,1.2737760097874788,21.0
flow:mobility_s9|per_task,per_task,libero_spatial,22,140,4000,95,85,10,0.8947368421052632,0.6071428571428571,0.9070552295855687,0.9864193633656312,18.0
flow:mobility_s9|global,global,libero_goal,30,106,4000,38,37,1,0.9736842105263158,0.3490566037735849,0.629613274001022,1.5464798007494602,23.5
flow:mobility_s9|global,global,libero_long,52,274,4000,172,156,16,0.9069767441860465,0.5693430656934306,0.49232783998238483,1.8422211187945363,35.0
flow:mobility_s9|global,global,libero_object,28,44,3600,2,2,0,1.0,0.045454545454545456,0.9671497584541062,1.033966033966034,25.5
flow:mobility_s9|global,global,libero_spatial,22,140,4000,0,0,0,0.0,0.0,,,
flow:mobility_step_range|per_task,per_task,libero_goal,30,106,4000,51,40,11,0.7843137254901961,0.37735849056603776,0.4370791981316636,1.7944430410845889,17.0
flow:mobility_step_range|per_task,per_task,libero_long,52,274,4000,72,57,15,0.7916666666666666,0.20802919708029197,0.4844379445407725,1.634196238317241,31.0
flow:mobility_step_range|per_task,per_task,libero_object,28,44,3600,11,9,2,0.8181818181818182,0.20454545454545456,0.7997056489777283,1.0231037122567637,23.0
flow:mobility_step_range|per_task,per_task,libero_spatial,22,140,4000,72,59,13,0.8194444444444444,0.42142857142857143,0.8305980295787064,0.986571621004303,18.0
flow:mobility_step_range|global,global,libero_goal,30,106,4000,56,54,2,0.9642857142857143,0.5094339622641509,0.7233128155649956,1.333151706336752,25.0
flow:mobility_step_range|global,global,libero_long,52,274,4000,182,165,17,0.9065934065934066,0.6021897810218978,0.5000886109058653,1.8128655338724762,34.5
flow:mobility_step_range|global,global,libero_object,28,44,3600,8,7,1,0.875,0.1590909090909091,0.934154019688269,0.9366763740865677,24.0
flow:mobility_step_range|global,global,libero_spatial,22,140,4000,0,0,0,0.0,0.0,,,
circuit:norm_fiedler|global,global,libero_goal,30,106,4000,17,17,0,1.0,0.16037735849056603,0.29571340801152696,3.381652549082319,16.0
circuit:norm_fiedler|global,global,libero_long,52,274,4000,14,12,2,0.8571428571428571,0.043795620437956206,0.7666004398101066,1.1181090078100901,45.0
circuit:norm_fiedler|global,global,libero_object,28,44,3600,0,0,0,0.0,0.0,,,
circuit:norm_fiedler|global,global,libero_spatial,22,140,4000,13,13,0,1.0,0.09285714285714286,0.9859154929577463,1.0142857142857145,21.0
circuit:norm_fiedler|per_task,per_task,libero_goal,30,106,4000,49,43,6,0.8775510204081632,0.4056603773584906,0.4331451007932707,2.025997797968853,14.0
circuit:norm_fiedler|per_task,per_task,libero_long,52,274,4000,58,46,12,0.7931034482758621,0.1678832116788321,0.47223318287526567,1.67947420265329,33.0
circuit:norm_fiedler|per_task,per_task,libero_object,28,44,3600,2,1,1,0.5,0.022727272727272728,0.8983333333333333,0.5565862708719852,22.5
circuit:norm_fiedler|per_task,per_task,libero_spatial,22,140,4000,79,71,8,0.8987341772151899,0.5071428571428571,0.8999437560712942,0.998655939498503,19.0
circuitcopy:partial_edge_std|global,global,libero_goal,30,106,4000,0,0,0,0.0,0.0,,,
circuitcopy:partial_edge_std|global,global,libero_long,52,274,4000,74,39,35,0.527027027027027,0.14233576642335766,0.19419567211293415,2.7138968716075986,19.5
circuitcopy:partial_edge_std|global,global,libero_object,28,44,3600,0,0,0,0.0,0.0,,,
circuitcopy:partial_edge_std|global,global,libero_spatial,22,140,4000,3,3,0,1.0,0.02142857142857143,0.8977441887094928,1.1139030612244898,14.0
circuitcopy:conditional_effective_rank|global,global,libero_goal,30,106,4000,0,0,0,0.0,0.0,,,
circuitcopy:conditional_effective_rank|global,global,libero_long,52,274,4000,104,42,62,0.40384615384615385,0.15328467153284672,0.21061165881695576,1.9174919190828827,17.0
circuitcopy:conditional_effective_rank|global,global,libero_object,28,44,3600,0,0,0,0.0,0.0,,,
circuitcopy:conditional_effective_rank|global,global,libero_spatial,22,140,4000,0,0,0,0.0,0.0,,,
circuitcopy:partial_query_d1|global,global,libero_goal,30,106,4000,0,0,0,0.0,0.0,,,
circuitcopy:partial_query_d1|global,global,libero_long,52,274,4000,83,20,63,0.24096385542168675,0.072992700729927,0.16096812117851791,1.4969663164202025,17.0
circuitcopy:partial_query_d1|global,global,libero_object,28,44,3600,0,0,0,0.0,0.0,,,
circuitcopy:partial_query_d1|global,global,libero_spatial,22,140,4000,0,0,0,0.0,0.0,,,
tokgeo:procrustes_prev|per_task,per_task,libero_goal,30,106,4000,41,38,3,0.926829268292683,0.3584905660377358,0.34825523031834066,2.6613506061214554,13.0
tokgeo:procrustes_prev|per_task,per_task,libero_long,52,274,4000,32,21,11,0.65625,0.07664233576642336,0.48566651148244333,1.3512358469948225,29.5
tokgeo:procrustes_prev|per_task,per_task,libero_object,28,44,3600,17,13,4,0.7647058823529411,0.29545454545454547,0.5592030028513383,1.3674924463097615,19.0
tokgeo:procrustes_prev|per_task,per_task,libero_spatial,22,140,4000,67,51,16,0.7611940298507462,0.36428571428571427,0.582801471298684,1.3060949008150953,15.0
tokgeo:procrustes_prev|global,global,libero_goal,30,106,4000,28,25,3,0.8928571428571429,0.2358490566037736,0.6075059776210808,1.4697092304399413,23.0
tokgeo:procrustes_prev|global,global,libero_long,52,274,4000,38,32,6,0.8421052631578947,0.11678832116788321,0.38807325517847185,2.1699646958938645,28.0
tokgeo:procrustes_prev|global,global,libero_object,28,44,3600,3,2,1,0.6666666666666666,0.045454545454545456,0.34485021315292386,1.9332064799131594,16.0
tokgeo:procrustes_prev|global,global,libero_spatial,22,140,4000,2,2,0,1.0,0.014285714285714285,0.9790209790209791,1.0214285714285714,19.0
tokgeo:bandedness|per_task,per_task,libero_goal,30,106,4000,53,49,4,0.9245283018867925,0.46226415094339623,0.3234169358835247,2.8586267424775547,13.0
tokgeo:bandedness|per_task,per_task,libero_long,52,274,4000,43,25,18,0.5813953488372093,0.09124087591240876,0.40399591237160204,1.439111958891387,29.0
tokgeo:bandedness|per_task,per_task,libero_object,28,44,3600,46,24,22,0.5217391304347826,0.5454545454545454,0.3340802425262119,1.5617180066966907,14.5
tokgeo:bandedness|per_task,per_task,libero_spatial,22,140,4000,49,41,8,0.8367346938775511,0.29285714285714287,0.7155627281763556,1.1693380062010885,15.0
tokgeo:bandedness|global,global,libero_goal,30,106,4000,3,0,3,0.0,0.0,0.33138985880866706,0.0,15.0
tokgeo:bandedness|global,global,libero_long,52,274,4000,7,3,4,0.42857142857142855,0.010948905109489052,0.6256382781710644,0.6850147178083098,37.0
tokgeo:bandedness|global,global,libero_object,28,44,3600,0,0,0,0.0,0.0,,,
tokgeo:bandedness|global,global,libero_spatial,22,140,4000,2,1,1,0.5,0.007142857142857143,0.5165750458104281,0.9679135762657207,13.5
tokgeo:lam1_share|per_task,per_task,libero_goal,30,106,4000,68,62,6,0.9117647058823529,0.5849056603773585,0.291046086166261,3.1327159141439354,13.0
tokgeo:lam1_share|per_task,per_task,libero_long,52,274,4000,104,67,37,0.6442307692307693,0.24452554744525548,0.45705215196175014,1.4095344841187483,28.0
tokgeo:lam1_share|per_task,per_task,libero_object,28,44,3600,29,18,11,0.6206896551724138,0.4090909090909091,0.4500245515896773,1.3792350950184276,17.0
tokgeo:lam1_share|per_task,per_task,libero_spatial,22,140,4000,90,79,11,0.8777777777777778,0.5642857142857143,0.8327063033243971,1.0541264960688332,17.0
tokgeo:lam1_share|global,global,libero_goal,30,106,4000,42,42,0,1.0,0.39622641509433965,0.8339095447100844,1.1991708289508287,25.0
tokgeo:lam1_share|global,global,libero_long,52,274,4000,76,53,23,0.6973684210526315,0.19343065693430658,0.2822936115809361,2.4703655784030727,17.5
tokgeo:lam1_share|global,global,libero_object,28,44,3600,0,0,0,0.0,0.0,,,
tokgeo:lam1_share|global,global,libero_spatial,22,140,4000,0,0,0,0.0,0.0,,,
state:td_slope|per_task,per_task,libero_goal,30,106,4000,25,20,5,0.8,0.18867924528301888,0.2342122802135828,3.4157047583946674,12.0
state:td_slope|per_task,per_task,libero_long,52,274,4000,27,9,18,0.3333333333333333,0.032846715328467155,0.3149964963008124,1.0582128285484478,24.0
state:td_slope|per_task,per_task,libero_object,28,44,3600,18,13,5,0.7222222222222222,0.29545454545454547,0.5440362525080231,1.3275259119089151,19.5
state:td_slope|per_task,per_task,libero_spatial,22,140,4000,25,20,5,0.8,0.14285714285714285,0.6699224693790046,1.1941680367006842,14.0
state:td_slope|global,global,libero_goal,30,106,4000,16,15,1,0.9375,0.14150943396226415,0.24919789054119382,3.76207036891039,15.5
state:td_slope|global,global,libero_long,52,274,4000,132,111,21,0.8409090909090909,0.4051094890510949,0.4434839360294762,1.8961432931207678,31.0
state:td_slope|global,global,libero_object,28,44,3600,0,0,0,0.0,0.0,,,
state:td_slope|global,global,libero_spatial,22,140,4000,37,35,2,0.9459459459459459,0.25,0.9772804375051773,0.9679370522966542,19.0
state:state_mobility_s9|per_task,per_task,libero_goal,30,106,4000,57,56,1,0.9824561403508771,0.5283018867924528,0.324037433668876,3.0319217419639832,15.0
state:state_mobility_s9|per_task,per_task,libero_long,52,274,4000,87,64,23,0.735632183908046,0.23357664233576642,0.44457617309599623,1.6546819834836328,29.0
state:state_mobility_s9|per_task,per_task,libero_object,28,44,3600,29,18,11,0.6206896551724138,0.4090909090909091,0.5142503884393816,1.2069794581119289,19.0
state:state_mobility_s9|per_task,per_task,libero_spatial,22,140,4000,59,55,4,0.9322033898305084,0.39285714285714285,0.9520876483316562,0.9791150966657419,16.0
state:state_mobility_s9|global,global,libero_goal,30,106,4000,8,8,0,1.0,0.07547169811320754,0.978451206547001,1.0220233705153736,26.5
state:state_mobility_s9|global,global,libero_long,52,274,4000,123,116,7,0.943089430894309,0.4233576642335766,0.603214749820501,1.5634389430545996,38.0
state:state_mobility_s9|global,global,libero_object,28,44,3600,0,0,0,0.0,0.0,,,
state:state_mobility_s9|global,global,libero_spatial,22,140,4000,1,0,1,0.0,0.0,0.9859154929577465,0.0,21.0
state:state_minus_action_mobility|per_task,per_task,libero_goal,30,106,4000,58,56,2,0.9655172413793104,0.5283018867924528,0.3466394629367198,2.785364462544095,16.0
state:state_minus_action_mobility|per_task,per_task,libero_long,52,274,4000,92,65,27,0.7065217391304348,0.23722627737226276,0.4039567601553882,1.749003380606034,28.0
state:state_minus_action_mobility|per_task,per_task,libero_object,28,44,3600,33,22,11,0.6666666666666666,0.5,0.5461098338751832,1.2207556526422805,19.0
state:state_minus_action_mobility|per_task,per_task,libero_spatial,22,140,4000,77,69,8,0.8961038961038961,0.4928571428571429,0.7963044926549094,1.125328193385236,15.0
state:state_minus_action_mobility|global,global,libero_goal,30,106,4000,4,4,0,1.0,0.03773584905660377,0.25917268873996957,3.8584312446721944,17.0
state:state_minus_action_mobility|global,global,libero_long,52,274,4000,1,0,1,0.0,0.0,0.48841354723707664,0.0,33.0
state:state_minus_action_mobility|global,global,libero_object,28,44,3600,4,3,1,0.75,0.06818181818181818,0.43247171504926174,1.7342174618623774,16.5
state:state_minus_action_mobility|global,global,libero_spatial,22,140,4000,1,0,1,0.0,0.0,0.03807451726951319,0.0,8.0
combo:G-A,global,libero_goal,30,106,4000,23,23,0,1.0,0.2169811320754717,0.5475797042335383,1.8262181601484413,18.0
combo:G-A,global,libero_long,52,274,4000,147,139,8,0.9455782312925171,0.5072992700729927,0.5908736303778062,1.60030534902685,36.0
combo:G-A,global,libero_object,28,44,3600,1,1,0,1.0,0.022727272727272728,0.9777777777777777,1.0227272727272727,26.0
combo:G-A,global,libero_spatial,22,140,4000,130,125,5,0.9615384615384616,0.8928571428571429,0.8827662186533035,1.089233413355269,17.0
combo:G-B,global,libero_goal,30,106,4000,30,30,0,1.0,0.2830188679245283,0.6449188748682144,1.5505826220458263,20.5
combo:G-B,global,libero_long,52,274,4000,156,145,11,0.9294871794871795,0.5291970802919708,0.5500516699851082,1.6898179393080361,36.0
combo:G-B,global,libero_object,28,44,3600,6,6,0,1.0,0.13636363636363635,0.6376845900555381,1.5681733816288497,19.0
combo:G-B,global,libero_spatial,22,140,4000,139,127,12,0.9136690647482014,0.9071428571428571,0.8306507473938578,1.0999437099344234,17.0
combo:P-C,per_task,libero_goal,30,106,4000,106,96,10,0.9056603773584906,0.9056603773584906,0.4551459524422366,1.9898240827999665,14.0
combo:P-C,per_task,libero_long,52,274,4000,154,122,32,0.7922077922077922,0.44525547445255476,0.4494120233588033,1.7627650152459458,32.0
combo:P-C,per_task,libero_object,28,44,3600,44,34,10,0.7727272727272727,0.7727272727272727,0.5198939576534074,1.4863170870749363,19.0
combo:P-C,per_task,libero_spatial,22,140,4000,144,139,5,0.9652777777777778,0.9928571428571429,0.8976518369563762,1.0753364924319628,17.0
twotier:WATCH_a3,global,libero_goal,30,106,4000,40,39,1,0.975,0.36792452830188677,0.6474360024781947,1.5059403497303,24.5
twotier:WATCH_a3,global,libero_long,52,274,4000,398,223,175,0.5603015075376885,0.8138686131386861,0.2657755396073527,2.1081755994756253,22.0
twotier:WATCH_a3,global,libero_object,28,44,3600,8,8,0,1.0,0.18181818181818182,0.7200508821551802,1.3887907435192715,20.5
twotier:WATCH_a3,global,libero_spatial,22,140,4000,161,140,21,0.8695652173913043,1.0,0.7345923128485915,1.183738520240318,15.0
twotier:WATCH_a1,global,libero_goal,30,106,4000,13,13,0,1.0,0.12264150943396226,0.9141361293292621,1.0939289761293425,25.0
twotier:WATCH_a1,global,libero_long,52,274,4000,240,198,42,0.825,0.7226277372262774,0.4217915086561563,1.9559426471824461,31.0
twotier:WATCH_a1,global,libero_object,28,44,3600,2,2,0,1.0,0.045454545454545456,0.9671497584541062,1.033966033966034,25.5
twotier:WATCH_a1,global,libero_spatial,22,140,4000,154,136,18,0.8831168831168831,0.9714285714285714,0.7658602717877118,1.1531044443073992,16.0
twotier:ACT_b,global,libero_goal,30,106,4000,19,19,0,1.0,0.1792452830188679,0.42021593067003743,2.379728913193492,17.0
twotier:ACT_b,global,libero_long,52,274,4000,135,126,9,0.9333333333333333,0.45985401459854014,0.5223242837847013,1.7868848190830953,35.0
twotier:ACT_b,global,libero_object,28,44,3600,1,1,0,1.0,0.022727272727272728,0.9565217391304348,1.0454545454545454,25.0
twotier:ACT_b,global,libero_spatial,22,140,4000,0,0,0,0.0,0.0,,,
build:OR_crossframe_global,global,libero_goal,30,106,4000,40,39,1,0.975,0.36792452830188677,0.6474360024781947,1.5059403497303,24.5
build:OR_crossframe_global,global,libero_long,52,274,4000,227,194,33,0.8546255506607929,0.708029197080292,0.4623582191700487,1.8484056630265588,34.0
build:OR_crossframe_global,global,libero_object,28,44,3600,8,8,0,1.0,0.18181818181818182,0.7200508821551802,1.3887907435192715,20.5
build:OR_crossframe_global,global,libero_spatial,22,140,4000,160,140,20,0.875,1.0,0.7460884527000229,1.1727831959246366,15.0
build:AND_mobility_expertload_global,global,libero_goal,30,106,4000,0,0,0,0.0,0.0,,,
build:AND_mobility_expertload_global,global,libero_long,52,274,4000,72,69,3,0.9583333333333334,0.2518248175182482,0.6672635426350707,1.4362141374438164,39.5
build:AND_mobility_expertload_global,global,libero_object,28,44,3600,0,0,0,0.0,0.0,,,
build:AND_mobility_expertload_global,global,libero_spatial,22,140,4000,0,0,0,0.0,0.0,,,
build:AND_mobility_flowsettling_per_task,per_task,libero_goal,30,106,4000,51,49,2,0.9607843137254902,0.46226415094339623,0.46352906119461346,2.0727596048656447,16.0
build:AND_mobility_flowsettling_per_task,per_task,libero_long,52,274,4000,47,45,2,0.9574468085106383,0.16423357664233576,0.6477779621434102,1.4780478257435241,40.0
build:AND_mobility_flowsettling_per_task,per_task,libero_object,28,44,3600,14,13,1,0.9285714285714286,0.29545454545454547,0.8111499923057436,1.1447592151630395,23.5
build:AND_mobility_flowsettling_per_task,per_task,libero_spatial,22,140,4000,83,80,3,0.963855421686747,0.5714285714285714,0.9745807726441899,0.9889949081097267,19.0
prior:HB_MoE_top4churn@qfpr1pct,task_agnostic,libero_goal,30,106,4000,179,24,155,0.1340782122905028,0.22641509433962265,0.04129812883059402,3.2465929107949427,6.0
prior:HB_MoE_top4churn@qfpr1pct,task_agnostic,libero_long,52,274,4000,131,32,99,0.24427480916030533,0.11678832116788321,0.14327115523265638,1.7049824772029671,16.0
prior:HB_MoE_top4churn@qfpr1pct,task_agnostic,libero_object,28,44,3600,93,14,79,0.15053763440860216,0.3181818181818182,0.01778997544242225,8.46193604346568,10.0
prior:HB_MoE_top4churn@qfpr1pct,task_agnostic,libero_spatial,22,140,4000,114,61,53,0.5350877192982456,0.4357142857142857,0.06685898386513665,8.003228412468664,9.0
prior:HB_MoE_top4churn@qfpr5pct,task_agnostic,libero_goal,30,106,4000,263,31,232,0.11787072243346007,0.29245283018867924,0.043159488064331765,2.731050059207533,6.0
prior:HB_MoE_top4churn@qfpr5pct,task_agnostic,libero_long,52,274,4000,199,45,154,0.22613065326633167,0.16423357664233576,0.13510916250192792,1.6736885128949335,15.0
prior:HB_MoE_top4churn@qfpr5pct,task_agnostic,libero_object,28,44,3600,143,17,126,0.11888111888111888,0.38636363636363635,0.0181759178740085,6.540584068720869,10.0
prior:HB_MoE_top4churn@qfpr5pct,task_agnostic,libero_spatial,22,140,4000,259,75,184,0.28957528957528955,0.5357142857142857,0.05089251359831499,5.689938835814885,8.0
prior:HB_MoE_top4churn@qfpr10pct,task_agnostic,libero_goal,30,106,4000,476,35,441,0.07352941176470588,0.330188679245283,0.040345905378698796,1.8224751948069258,6.0
prior:HB_MoE_top4churn@qfpr10pct,task_agnostic,libero_long,52,274,4000,347,65,282,0.1873198847262248,0.23722627737226276,0.12083517490985464,1.5502099025881249,15.0
prior:HB_MoE_top4churn@qfpr10pct,task_agnostic,libero_object,28,44,3600,300,24,276,0.08,0.5454545454545454,0.016860246624804277,4.74488907429779,9.0
prior:HB_MoE_top4churn@qfpr10pct,task_agnostic,libero_spatial,22,140,4000,411,86,325,0.20924574209245742,0.6142857142857143,0.049982369734537846,4.186390985537216,8.0
prior:length_only_same_run@qfpr1pct,global,libero_goal,30,106,4000,122,99,23,0.8114754098360656,0.9339622641509434,0.5179797100939987,1.5666162091345348,20.0
prior:length_only_same_run@qfpr1pct,global,libero_long,52,274,4000,313,274,39,0.8753993610223643,1.0,0.7790221648647339,1.1237156020770795,44.0
prior:length_only_same_run@qfpr1pct,global,libero_object,28,44,3600,79,44,35,0.5569620253164557,1.0,0.506514987692469,1.0995963374229225,18.0
prior:length_only_same_run@qfpr1pct,global,libero_spatial,22,140,4000,165,133,32,0.806060606060606,0.95,0.6258950236004043,1.2878527159775381,14.0
prior:length_only_same_run@qfpr5pct,global,libero_goal,30,106,4000,193,106,87,0.5492227979274611,1.0,0.351334325491452,1.5632483309428977,14.0
prior:length_only_same_run@qfpr5pct,global,libero_long,52,274,4000,417,274,143,0.657074340527578,1.0,0.5842419818943487,1.1246612891409777,29.0
prior:length_only_same_run@qfpr5pct,global,libero_object,28,44,3600,154,44,110,0.2857142857142857,1.0,0.23619768190867166,1.2096405155439254,16.0
prior:length_only_same_run@qfpr5pct,global,libero_spatial,22,140,4000,247,140,107,0.5668016194331984,1.0,0.3812993464764995,1.4865003695151413,13.0
prior:length_only_same_run@qfpr10pct,global,libero_goal,30,106,4000,294,106,188,0.36054421768707484,1.0,0.226819090482862,1.5895673372092851,10.0
prior:length_only_same_run@qfpr10pct,global,libero_long,52,274,4000,560,274,286,0.48928571428571427,1.0,0.47203630963994936,1.0365425377105462,27.0
prior:length_only_same_run@qfpr10pct,global,libero_object,28,44,3600,263,44,219,0.16730038022813687,1.0,0.13782343966479943,1.2138746546670751,15.0
prior:length_only_same_run@qfpr10pct,global,libero_spatial,22,140,4000,354,140,214,0.3954802259887006,1.0,0.2440809580657717,1.6202829959481386,11.0
baseline:length_only_suite@fpr0.005,global,libero_goal,30,106,4000,124,106,18,0.8548387096774194,1.0,0.8548387096774196,0.9999999999999998,21.0
baseline:length_only_suite@fpr0.005,global,libero_long,52,274,4000,288,274,14,0.9513888888888888,1.0,0.9513888888888891,0.9999999999999998,44.0
baseline:length_only_suite@fpr0.005,global,libero_object,28,44,3600,60,44,16,0.7333333333333333,1.0,0.7333333333333333,1.0,20.0
baseline:length_only_suite@fpr0.005,global,libero_spatial,22,140,4000,147,140,7,0.9523809523809523,1.0,0.9523809523809523,1.0,15.0
baseline:length_only_suite@fpr0.01,global,libero_goal,30,106,4000,139,106,33,0.762589928057554,1.0,0.7625899280575538,1.0000000000000002,20.0
baseline:length_only_suite@fpr0.01,global,libero_long,52,274,4000,311,274,37,0.8810289389067524,1.0,0.8810289389067523,1.0000000000000002,41.0
baseline:length_only_suite@fpr0.01,global,libero_object,28,44,3600,79,44,35,0.5569620253164557,1.0,0.556962025316456,0.9999999999999994,18.0
baseline:length_only_suite@fpr0.01,global,libero_spatial,22,140,4000,164,140,24,0.8536585365853658,1.0,0.8536585365853661,0.9999999999999998,14.0
baseline:length_only_suite@fpr0.05,global,libero_goal,30,106,4000,189,106,83,0.5608465608465608,1.0,0.5608465608465609,0.9999999999999998,19.0
baseline:length_only_suite@fpr0.05,global,libero_long,52,274,4000,459,274,185,0.5969498910675382,1.0,0.5969498910675383,0.9999999999999998,38.0
baseline:length_only_suite@fpr0.05,global,libero_object,28,44,3600,130,44,86,0.3384615384615385,1.0,0.33846153846153854,0.9999999999999999,17.0
baseline:length_only_suite@fpr0.05,global,libero_spatial,22,140,4000,329,140,189,0.425531914893617,1.0,0.4255319148936171,0.9999999999999999,13.0
baseline:length_only_task@fpr0.005,per_task,libero_goal,30,106,4000,111,106,5,0.954954954954955,1.0,0.5333063348082404,1.7906311862924442,18.0
baseline:length_only_task@fpr0.005,per_task,libero_long,52,274,4000,282,274,8,0.9716312056737588,1.0,0.8434774452771338,1.1519350174852854,51.0
baseline:length_only_task@fpr0.005,per_task,libero_object,28,44,3600,49,44,5,0.8979591836734694,1.0,0.8000741938682542,1.1223448907056408,21.0
baseline:length_only_task@fpr0.005,per_task,libero_spatial,22,140,4000,148,140,8,0.9459459459459459,1.0,0.7773366263664837,1.216906439064367,14.0
baseline:length_only_task@fpr0.01,per_task,libero_goal,30,106,4000,117,106,11,0.905982905982906,1.0,0.5297330080956459,1.7102632687357973,18.0
baseline:length_only_task@fpr0.01,per_task,libero_long,52,274,4000,300,274,26,0.9133333333333333,1.0,0.7647965425208951,1.1942173931943214,48.0
baseline:length_only_task@fpr0.01,per_task,libero_object,28,44,3600,67,44,23,0.6567164179104478,1.0,0.6408212104036779,1.0248044341365619,20.0
baseline:length_only_task@fpr0.01,per_task,libero_spatial,22,140,4000,151,140,11,0.9271523178807947,1.0,0.7439081140608038,1.2463263948281296,14.0
baseline:length_only_task@fpr0.05,per_task,libero_goal,30,106,4000,166,106,60,0.6385542168674698,1.0,0.374063742008037,1.707073274302405,15.0
baseline:length_only_task@fpr0.05,per_task,libero_long,52,274,4000,403,274,129,0.6799007444168734,1.0,0.596074190609868,1.1406310743319368,29.0
baseline:length_only_task@fpr0.05,per_task,libero_object,28,44,3600,158,44,114,0.27848101265822783,1.0,0.24486702267031013,1.137274466856959,16.0
baseline:length_only_task@fpr0.05,per_task,libero_spatial,22,140,4000,247,140,107,0.5668016194331984,1.0,0.36351901498398304,1.5592076234531285,12.0
baseline:length_only_task_devcal@fpr0.005,per_task,libero_goal,30,106,4000,111,106,5,0.954954954954955,1.0,0.573604657460732,1.6648312431464691,21.0
baseline:length_only_task_devcal@fpr0.005,per_task,libero_long,52,274,4000,292,274,18,0.9383561643835616,1.0,0.9358221388665917,1.002707806763408,48.0
baseline:length_only_task_devcal@fpr0.005,per_task,libero_object,28,44,3600,53,44,9,0.8301886792452831,1.0,0.8352106584004522,0.993987170656099,21.0
baseline:length_only_task_devcal@fpr0.005,per_task,libero_spatial,22,140,4000,153,140,13,0.9150326797385621,1.0,0.7380323246025695,1.2398273750832083,14.0
baseline:length_only_task_devcal@fpr0.01,per_task,libero_goal,30,106,4000,121,106,15,0.8760330578512396,1.0,0.49663817664044524,1.7639261318516553,16.0
baseline:length_only_task_devcal@fpr0.01,per_task,libero_long,52,274,4000,305,274,31,0.898360655737705,1.0,0.8158017933006972,1.101199657949976,47.0
baseline:length_only_task_devcal@fpr0.01,per_task,libero_object,28,44,3600,69,44,25,0.6376811594202898,1.0,0.5969302268696876,1.0682674971316177,18.0
baseline:length_only_task_devcal@fpr0.01,per_task,libero_spatial,22,140,4000,162,140,22,0.8641975308641975,1.0,0.6463286408511104,1.3370868568135692,14.0
