cache_id,scope,layer,token_index,token_role,n_sites,p4_p5_margin,p1,top4_mass,entropy_normalised,probability_sum_abs_error,gap_exact_zero,stable_fp16_rounding_bound,stable_bf16_rounding_bound,stable_fp32_rounding_bound,actual_vs_saved_fp16_top4_disagree,actual_vs_bf16_recast_top4_disagree,saved_fp16_vs_bf16_recast_top4_disagree,actual_selection_unique_from_saved_probs,actual_selection_boundary_ambiguous,actual_selection_contradicted_by_saved_probs,bf16_recast_vector_exact,bf16_recast_element_exact_fraction,bf16_rounding_bound,actual_vs_saved_fp32_upcast_top4_disagree,saved_fp16_vs_fp32_upcast_top4_disagree,p4_p5_margin_p05,p4_p5_margin_median,p4_p5_margin_p95,gap_over_bf16_rounding_bound_median,n_margin_sample
calvin_d/task_D_D/routes-v1,primary_canonical,2,0,state,36210,0.005668461042950411,0.12221110969971175,0.3097604974400632,0.9405936227915399,3.7791945597836406e-05,0.03175918254625794,0.968240817453742,0.9665838166252416,0.968240817453742,0.0,0.0,0.0,0.968240817453742,0.03175918254625794,0.0,0.0,0.12418012979839824,0.00026045712078845624,0.0,0.0,0.000335693359375,0.0038909912109375,0.0196533203125,15.25,566
calvin_d/task_D_D/routes-v1,primary_canonical,2,all,action,362100,0.0009054010871101301,0.04487311994525748,0.16343856849449176,0.9942903865577107,3.6298930398076647e-05,0.14647887323943662,0.8535211267605634,0.8407594587130627,0.8535211267605634,0.0,0.002891466445733223,0.002891466445733223,0.8535211267605634,0.14647887323943662,0.0,0.0,0.12510105979011324,0.000244140625,0.0,0.0,0.0,0.000579833984375,0.00274658203125,2.375,5657
calvin_d/task_D_D/routes-v1,primary_canonical,3,0,state,36210,0.005006688499081961,0.13673577444291976,0.3204976618866076,0.9337676959500659,3.895921557030603e-05,0.0347970173985087,0.9652029826014913,0.9574703120684893,0.9652029826014913,0.0,0.0019331676332504833,0.0019331676332504833,0.9652029826014913,0.0347970173985087,0.0,0.0,0.12357601491300746,0.0002502677388627106,0.0,0.0,0.0003707885625772178,0.00360107421875,0.01544189453125,14.75,564
calvin_d/task_D_D/routes-v1,primary_canonical,3,all,action,362100,0.0009550371146340358,0.04609538965612378,0.16670452447663153,0.9931304513326635,3.576577351719462e-05,0.13541286937310135,0.8645871306268986,0.8500303783485225,0.8645871306268986,0.0,0.0034106600386633527,0.0034106600386633527,0.8645871306268986,0.13541286937310135,0.0,0.0,0.1252639119027893,0.000244140625,0.0,0.0,0.0,0.0006103515625,0.0029296875,2.5,5659
calvin_d/task_D_D/routes-v1,primary_canonical,4,0,state,36210,0.005194705351055475,0.1156320643010175,0.3016930226955714,0.9432329019931297,3.716933137966895e-05,0.03203534935100801,0.967964650648992,0.9602319801159901,0.967964650648992,0.0,0.0005523336095001381,0.0005523336095001381,0.967964650648992,0.03203534935100801,0.0,0.0,0.1249568489367578,0.0002580130175970036,0.0,0.0,0.0003402709844522178,0.0036468505859375,0.01686248742043972,14.4375,564
calvin_d/task_D_D/routes-v1,primary_canonical,4,all,action,362100,0.000939156259169601,0.04515383160203177,0.16447354160531125,0.9942107522974881,3.521689325694517e-05,0.13055509527754763,0.8694449047224524,0.8445291355979011,0.8694449047224524,0.0,0.005758077879038939,0.005758077879038939,0.8694449047224524,0.13055509527754763,0.0,0.0,0.12514913007456505,0.000244140625,0.0,0.0,0.0,0.0006103515625,0.002838134765625,2.5,5659
calvin_d/task_D_D/routes-v1,primary_canonical,5,0,state,36210,0.0043167666288016085,0.12431704171682978,0.29803751661315936,0.9438490464159942,3.8460386750843605e-05,0.040872687103010216,0.9591273128969898,0.9497376415354875,0.9591273128969898,0.0,0.0019331676332504833,0.0019331676332504833,0.9591273128969898,0.040872687103010216,0.0,0.0,0.12321354598177299,0.00024660158407553164,0.0,0.0,0.00018310546875,0.0028228759765625,0.013867187313735485,12.125,564
calvin_d/task_D_D/routes-v1,primary_canonical,5,all,action,362100,0.0009433961882508285,0.04553609245951352,0.1654585240408058,0.993741578174309,3.5637142051816874e-05,0.13695664181165423,0.8630433581883458,0.8552747859707264,0.8630433581883458,0.0,0.0017149958574979288,0.0017149958574979288,0.8630433581883458,0.13695664181165423,0.0,0.0,0.12495952430267881,0.000244140625,0.0,0.0,0.0,0.0006103515625,0.002838134765625,2.5,5658
calvin_d/task_D_D/routes-v1,primary_canonical,12,0,state,36210,0.0027832182952956712,0.06895287910636305,0.22118575952883354,0.9784494527497037,3.2309569301146954e-05,0.05606186136426401,0.943938138635736,0.9309582988124827,0.943938138635736,0.0,0.0024855012427506215,0.0024855012427506215,0.943938138635736,0.05606186136426401,0.0,0.0,0.12425780171223419,0.00024441031914526374,0.0,0.0,0.0,0.001953125,0.008514404296875,8.0,565
calvin_d/task_D_D/routes-v1,primary_canonical,12,all,action,362100,0.0006933226291727078,0.04082205051020738,0.1532163282982785,0.9971796557897364,3.908228459393771e-05,0.25054128693731015,0.7494587130626899,0.7447058823529412,0.7494587130626899,0.0,0.0003148301574150787,0.0003148301574150787,0.7494587130626899,0.25054128693731015,0.0,0.0,0.12497152029826016,0.000244140625,0.0,0.0,0.0,0.00054931640625,0.0021408081520348787,2.25,5658
calvin_d/task_D_D/routes-v1,primary_canonical,13,0,state,36210,0.0024318784615243545,0.06550178854414786,0.21336825333126208,0.9810354380079541,3.3639077157876796e-05,0.061309030654515324,0.9386909693454847,0.932339132836233,0.9386909693454847,0.0,0.0011046672190002762,0.0011046672190002762,0.9386909693454847,0.061309030654515324,0.0,0.0,0.12529342723004694,0.00024410691323184202,0.0,0.0,0.0,0.00152587890625,0.00628662109375,6.25,565
calvin_d/task_D_D/routes-v1,primary_canonical,13,all,action,362100,0.0006932547842392899,0.04078106635514296,0.1530807249864074,0.9972447305460129,4.00484954741277e-05,0.26867163766915214,0.7313283623308479,0.7285556476111571,0.7313283623308479,0.0,0.00023198011599005798,0.00023198011599005798,0.7313283623308479,0.26867163766915214,0.0,0.0,0.1251891742612538,0.000244140625,0.0,0.0,0.0,0.00054931640625,0.002227783203125,2.25,5658
calvin_d/task_D_D/routes-v1,primary_canonical,14,0,state,36210,0.0023502243450747376,0.06504601386659417,0.21155407981166718,0.9820487170679008,3.29606278236977e-05,0.07180336923501796,0.928196630764982,0.9262634631317316,0.928196630764982,0.0,0.0011046672190002762,0.0011046672190002762,0.928196630764982,0.07180336923501796,0.0,0.0,0.12509493233913282,0.000244140625,0.0,0.0,0.0,0.00164794921875,0.0077148438431322575,6.75,565
calvin_d/task_D_D/routes-v1,primary_canonical,14,all,action,362100,0.0007113553067986658,0.04195834670004941,0.15478475929392993,0.9966259207354498,4.155071293310183e-05,0.2903120684893676,0.7096879315106325,0.7085915492957746,0.7096879315106325,0.0,8.285004142502072e-05,8.285004142502072e-05,0.7096879315106325,0.2903120684893676,0.0,0.0,0.12509061723280862,0.00024413539967593553,0.0,0.0,0.0,0.00054931640625,0.002288818359375,2.25,5658
calvin_d/task_D_D/routes-v1,primary_canonical,15,0,state,36210,0.002283028363193869,0.06067417906450653,0.20544335829622343,0.9835913508052294,3.483584492748464e-05,0.10135321734327533,0.8986467826567247,0.8986467826567247,0.8986467826567247,0.0,0.0,0.0,0.8986467826567247,0.10135321734327533,0.0,0.0,0.12562137531068765,0.00024417433676815795,0.0,0.0,0.0,0.001495361328125,0.006945800967514515,6.125,565
calvin_d/task_D_D/routes-v1,primary_canonical,15,all,action,362100,0.0007090101055070466,0.04367367006737499,0.1563713653572881,0.9959690026736858,4.2672720906221547e-05,0.3055399061032864,0.6944600938967136,0.6940016570008285,0.6944600938967136,0.0,6.628003314001656e-05,6.628003314001656e-05,0.6944600938967136,0.3055399061032864,0.0,0.0,0.12484698632974317,0.0002440032495447563,0.0,0.0,0.0,0.00054931640625,0.00225830078125,2.25,5658
libero_goal/open_the_middle_drawer_of_the_cabinet/right-16x32,primary_canonical,2,0,state,64520,0.004751107298064069,0.17133982138683984,0.3485200057765821,0.9132824728227297,4.3096560095676485e-05,0.03781773093614383,0.9621822690638562,0.9463732176069436,0.9621822690638562,0.0,0.0007749535027898327,0.0007749535027898327,0.9621822690638562,0.03781773093614383,0.0,0.0,0.1255860585864848,0.00024538932937461254,0.0,0.0,0.00030517578125,0.0029144287109375,0.01876220665872097,12.875,1008
libero_goal/open_the_middle_drawer_of_the_cabinet/right-16x32,primary_canonical,2,all,action,645200,0.00028349822600731847,0.035708625637368985,0.1385562753884303,0.9990363564832345,4.0395811190903744e-05,0.28275418474891506,0.7172458152510849,0.47478921264724117,0.7172458152510849,0.0,0.05389336639801612,0.05389336639801612,0.7172458152510849,0.28275418474891506,0.0,0.0,0.12516952107873527,0.000244140625,0.0,0.0,0.0,0.000244140625,0.00079345703125,1.0,10083
libero_goal/open_the_middle_drawer_of_the_cabinet/right-16x32,primary_canonical,3,0,state,64520,0.004618326034593198,0.17082458420414698,0.3438012772883529,0.9207579144042838,4.217747347146476e-05,0.023558586484810913,0.9764414135151891,0.9643521388716677,0.9764414135151891,0.0,0.0024798512089274642,0.0024798512089274642,0.9764414135151891,0.023558586484810913,0.0,0.0,0.1251453037817731,0.0002457488048763949,0.0,0.0,0.000274658203125,0.0030975341796875,0.013824462890625,12.6875,1006
libero_goal/open_the_middle_drawer_of_the_cabinet/right-16x32,primary_canonical,3,all,action,645200,0.00027922524477632906,0.03541247576567525,0.1377473744382344,0.9993029461185791,3.9701538653530395e-05,0.2628781773093614,0.7371218226906385,0.453764724116553,0.7371218226906385,0.0,0.06859888406695598,0.06859888406695598,0.7371218226906385,0.2628781773093614,0.0,0.0,0.12520884996900186,0.000244140625,0.0,0.0,0.0,0.000244140625,0.000823974609375,1.0,10083
libero_goal/open_the_middle_drawer_of_the_cabinet/right-16x32,primary_canonical,4,0,state,64520,0.0025528531154341678,0.3042891633044986,0.4305860894256989,0.83635818028923,5.799912549070298e-05,0.023558586484810913,0.9764414135151891,0.9335089894606323,0.9764414135151891,0.0,0.007904525728456293,0.007904525728456293,0.9764414135151891,0.023558586484810913,0.0,0.0,0.12254436608803472,0.00021270543835729232,0.0,0.0,0.00012969970703125,0.00189208984375,0.007152557373046875,9.0,1006
libero_goal/open_the_middle_drawer_of_the_cabinet/right-16x32,primary_canonical,4,all,action,645200,0.0002846590007822187,0.03541970595320189,0.1378485120192715,0.9992866699002171,3.928405042767747e-05,0.23864538127712337,0.7613546187228766,0.44908710477371355,0.7613546187228766,0.0,0.08349659020458773,0.08349659020458773,0.7613546187228766,0.23864538127712337,0.0,0.0,0.12491102565096095,0.000244140625,0.0,0.0,0.0,0.000244140625,0.000823974609375,1.0,10084
libero_goal/open_the_middle_drawer_of_the_cabinet/right-16x32,primary_canonical,5,0,state,64520,0.0032420504263152416,0.1343501517289334,0.2920195549375436,0.9423561376846878,3.8547317802869086e-05,0.028208307501549908,0.9717916924984501,0.9173899566026038,0.9717916924984501,0.0,0.00712957222566646,0.00712957222566646,0.9717916924984501,0.028208307501549908,0.0,0.0,0.12672427154370738,0.00024378114949821761,0.0,0.0,0.000152587890625,0.002410888671875,0.00917816162109375,9.875,1006
libero_goal/open_the_middle_drawer_of_the_cabinet/right-16x32,primary_canonical,5,all,action,645200,0.0003348860057776416,0.036166626704973386,0.13987304469922723,0.9990659575088565,4.0011196053700645e-05,0.2908106013639182,0.7091893986360819,0.5521032238065716,0.7091893986360819,0.0,0.020903595784252944,0.020903595784252944,0.7091893986360819,0.2908106013639182,0.0,0.0,0.12517228185058896,0.000244140625,0.0,0.0,0.0,0.000274658203125,0.001068115234375,1.125,10082
libero_goal/open_the_middle_drawer_of_the_cabinet/right-16x32,primary_canonical,12,0,state,64520,0.001989985428755134,0.056636311293978614,0.19408255457065154,0.9874771607823795,3.16042820267698e-05,0.048512089274643524,0.9514879107253564,0.8884066955982641,0.9514879107253564,0.0,0.01208927464352139,0.01208927464352139,0.9514879107253564,0.048512089274643524,0.0,0.0,0.12539232021078736,0.000244140625,0.0,0.0,0.000152587890625,0.00140380859375,0.00490570068359375,5.75,1006
libero_goal/open_the_middle_drawer_of_the_cabinet/right-16x32,primary_canonical,12,all,action,645200,0.0003284062233609733,0.03582295190157243,0.13885957787662134,0.999259654985347,4.135063251795713e-05,0.3279122752634842,0.6720877247365158,0.5260353378797272,0.6720877247365158,0.0,0.010313081215127093,0.010313081215127093,0.6720877247365158,0.3279122752634842,0.0,0.0,0.1250944474581525,0.000244140625,0.0,0.0,0.0,0.000274658203125,0.00103759765625,1.125,10081
libero_goal/open_the_middle_drawer_of_the_cabinet/right-16x32,primary_canonical,13,0,state,64520,0.0016296585376264143,0.05524930344999612,0.1902808220727948,0.9874308952543208,3.161847184920858e-05,0.05874147551146931,0.9412585244885306,0.8828270303781773,0.9412585244885306,0.0,0.010539367637941723,0.010539367637941723,0.9412585244885306,0.05874147551146931,0.0,0.0,0.126753332300062,0.000244140625,0.0,0.0,5.340576171875e-05,0.001068115234375,0.004353332333266735,4.375,1008
libero_goal/open_the_middle_drawer_of_the_cabinet/right-16x32,primary_canonical,13,all,action,645200,0.0003427023748692266,0.036070577972658065,0.1394857710041914,0.9991712820857893,4.171930775462066e-05,0.33262554246745196,0.6673744575325481,0.5358028518288903,0.6673744575325481,0.0,0.009203347799132053,0.009203347799132053,0.6673744575325481,0.33262554246745196,0.0,0.0,0.12500256703347798,0.000244140625,0.0,0.0,0.0,0.000274658203125,0.001068115234375,1.125,10081
libero_goal/open_the_middle_drawer_of_the_cabinet/right-16x32,primary_canonical,14,0,state,64520,0.0017486874981837027,0.05441424185935562,0.18993780203510055,0.9885073043844822,3.274065030707533e-05,0.07889026658400496,0.921109733415995,0.8894916305021698,0.921109733415995,0.0,0.00976441413515189,0.00976441413515189,0.921109733415995,0.07889026658400496,0.0,0.0,0.12575073620582766,0.000244140625,0.0,0.0,0.0,0.001312255859375,0.0066314698196947575,5.375,1008
libero_goal/open_the_middle_drawer_of_the_cabinet/right-16x32,primary_canonical,14,all,action,645200,0.0003109118750726519,0.03567334789410927,0.1383717566133654,0.9992707748872777,4.2782503850550215e-05,0.3636267823930564,0.6363732176069435,0.5004494730316181,0.6363732176069435,0.0,0.010049597024178548,0.010049597024178548,0.6363732176069435,0.3636267823930564,0.0,0.0,0.12489572031928084,0.000244140625,0.0,0.0,0.0,0.000274658203125,0.00103759765625,1.125,10080
libero_goal/open_the_middle_drawer_of_the_cabinet/right-16x32,primary_canonical,15,0,state,64520,0.001595191458922621,0.05407763089146292,0.18482344474248538,0.9902900765567408,3.288491350186957e-05,0.08958462492250464,0.9104153750774954,0.9068505889646621,0.9104153750774954,0.0,0.00046497210167389957,0.00046497210167389957,0.9104153750774954,0.08958462492250464,0.0,0.0,0.12735876472411656,0.000244140625,0.0,0.0,0.0,0.00128173828125,0.0045166015625,5.25,1008
libero_goal/open_the_middle_drawer_of_the_cabinet/right-16x32,primary_canonical,15,all,action,645200,0.00031407521218892884,0.03587559368325108,0.1389465512241995,0.9989817046833681,4.98434008830686e-05,0.4928456292622443,0.5071543707377557,0.4857315561066336,0.5071543707377557,0.0,0.001703347799132052,0.001703347799132052,0.5071543707377557,0.4928456292622443,0.0,0.0,0.12502707493800372,0.000244140625,0.0,0.0,0.0,0.000244140625,0.001068115234375,1.0,10081
libero_goal/open_the_top_drawer_and_put_the_bowl_inside/right-16x32,primary_canonical,2,0,state,100180,0.004957153021777597,0.29021589264324216,0.4645736825325742,0.8241489035750273,5.826749685496526e-05,0.028848073467758036,0.9711519265322419,0.9570772609303254,0.9711519265322419,0.0,0.004192453583549611,0.004192453583549611,0.9711519265322419,0.028848073467758036,0.0,0.0,0.12587654721501298,0.00022103767905270514,0.0,0.0,0.000213623046875,0.0033416748046875,0.01671600341796875,15.0,1566
libero_goal/open_the_top_drawer_and_put_the_bowl_inside/right-16x32,primary_canonical,2,all,action,1001800,0.000300764166492501,0.035966299266057426,0.13920266719368027,0.9989951823160044,4.027784929753397e-05,0.2864883210221601,0.7135116789778398,0.5056328608504691,0.7135116789778398,0.0,0.04066879616689958,0.04066879616689958,0.7135116789778398,0.2864883210221601,0.0,0.0,0.1250521873128369,0.000244140625,0.0,0.0,0.0,0.000274658203125,0.000823974609375,1.125,15653
libero_goal/open_the_top_drawer_and_put_the_bowl_inside/right-16x32,primary_canonical,3,0,state,100180,0.006246908335991309,0.1872373014706341,0.3794543433270309,0.9014857423046102,4.4988143655872554e-05,0.022858854062687162,0.9771411459373128,0.955979237372729,0.9771411459373128,0.0,0.003194250349371132,0.003194250349371132,0.9771411459373128,0.022858854062687162,0.0,0.0,0.12414528848073468,0.0002437628869597225,0.0,0.0,0.00030517578125,0.003509521484375,0.02240753173828125,14.875,1564
libero_goal/open_the_top_drawer_and_put_the_bowl_inside/right-16x32,primary_canonical,3,all,action,1001800,0.0002856674392343781,0.03557172224273651,0.13821621005895443,0.999216206729781,3.98394294688506e-05,0.2733809143541625,0.7266190856458375,0.46934018766220803,0.7266190856458375,0.0,0.05956178878019565,0.05956178878019565,0.7266190856458375,0.2733809143541625,0.0,0.0,0.12502720103813136,0.000244140625,0.0,0.0,0.0,0.000244140625,0.000823974609375,1.0,15654
libero_goal/open_the_top_drawer_and_put_the_bowl_inside/right-16x32,primary_canonical,4,0,state,100180,0.0049853455308764534,0.2440842811065083,0.4033295488043397,0.8744927130135312,5.095451029029095e-05,0.02435615891395488,0.9756438410860451,0.9407067278897984,0.9756438410860451,0.0,0.004192453583549611,0.004192453583549611,0.9756438410860451,0.02435615891395488,0.0,0.0,0.12589838291076064,0.00024085674106920043,0.0,0.0,0.00018310546875,0.003143310546875,0.01572265662252903,13.625,1564
libero_goal/open_the_top_drawer_and_put_the_bowl_inside/right-16x32,primary_canonical,4,all,action,1001800,0.0002943451482156337,0.03557598629595634,0.1382125814281364,0.9992379995730138,3.980403937463347e-05,0.26687562387702135,0.7331243761229786,0.4735705729686564,0.7331243761229786,0.0,0.06040027949690557,0.06040027949690557,0.7331243761229786,0.26687562387702135,0.0,0.0,0.1250188410860451,0.000244140625,0.0,0.0,0.0,0.000244140625,0.000885009765625,1.0,15654
libero_goal/open_the_top_drawer_and_put_the_bowl_inside/right-16x32,primary_canonical,5,0,state,100180,0.003226599880834615,0.24914302509876754,0.4082587735813329,0.8561918227499201,5.461023010448868e-05,0.024256338590537035,0.975743661409463,0.9481932521461369,0.975743661409463,0.0,0.00658814134557796,0.00658814134557796,0.975743661409463,0.024256338590537035,0.0,0.0,0.12330305450189659,0.0002151355221733692,0.0,0.0,0.0001678466796875,0.002197265625,0.009547424502670765,10.875,1564
libero_goal/open_the_top_drawer_and_put_the_bowl_inside/right-16x32,primary_canonical,5,all,action,1001800,0.00033812702808772336,0.03639267037837751,0.14045170137234422,0.998924684601288,3.974825447251588e-05,0.28459472948692355,0.7154052705130765,0.5600509083649431,0.7154052705130765,0.0,0.02358754242363745,0.02358754242363745,0.7154052705130765,0.28459472948692355,0.0,0.0,0.12501656393491714,0.000244140625,0.0,0.0,0.0,0.000274658203125,0.001068115234375,1.125,15652
libero_goal/open_the_top_drawer_and_put_the_bowl_inside/right-16x32,primary_canonical,12,0,state,100180,0.0017547637884620184,0.06190064244223679,0.19889926891361176,0.9857644816553028,3.209250205099571e-05,0.05430225593930924,0.9456977440606907,0.8901976442403673,0.9456977440606907,0.0,0.009183469754442005,0.009183469754442005,0.9456977440606907,0.05430225593930924,0.0,0.0,0.12615417248951888,0.000244140625,0.0,0.0,0.0,0.001220703125,0.005488586612045765,5.0,1564
libero_goal/open_the_top_drawer_and_put_the_bowl_inside/right-16x32,primary_canonical,12,all,action,1001800,0.00032642482545090713,0.03586164203749657,0.13900378692742713,0.9991981084137578,4.1480282391110064e-05,0.3277500499101617,0.6722499500898383,0.5294809343182272,0.6722499500898383,0.0,0.010191655020962267,0.010191655020962267,0.6722499500898383,0.3277500499101617,0.0,0.0,0.12526951487322818,0.000244140625,0.0,0.0,0.0,0.000274658203125,0.001068115234375,1.125,15653
libero_goal/open_the_top_drawer_and_put_the_bowl_inside/right-16x32,primary_canonical,13,0,state,100180,0.0019459967176270214,0.057036183746209945,0.19314003714212855,0.9878170551547368,3.1644699696795766e-05,0.06188860051906568,0.9381113994809344,0.8948891994410062,0.9381113994809344,0.0,0.0064883210221601114,0.0064883210221601114,0.9381113994809344,0.06188860051906568,0.0,0.0,0.12436052605310441,0.000244140625,0.0,0.0,0.0,0.0012664794921875,0.006434631533920765,5.1875,1564
libero_goal/open_the_top_drawer_and_put_the_bowl_inside/right-16x32,primary_canonical,13,all,action,1001800,0.0003428183517714988,0.036277544140030364,0.13992224009600102,0.9990677300990997,4.184779256469215e-05,0.33625474146536233,0.6637452585346376,0.5436324615691754,0.6637452585346376,0.0,0.008426831702934718,0.008426831702934718,0.6637452585346376,0.33625474146536233,0.0,0.0,0.1250082039828309,0.000244140625,0.0,0.0,0.0,0.000274658203125,0.001068115234375,1.125,15653
libero_goal/open_the_top_drawer_and_put_the_bowl_inside/right-16x32,primary_canonical,14,0,state,100180,0.0016529938493524156,0.059507138859038106,0.19441848544689871,0.9874418872657901,3.229127146331915e-05,0.0704731483330006,0.9295268516669994,0.9079656618087443,0.9295268516669994,0.0,0.004192453583549611,0.004192453583549611,0.9295268516669994,0.0704731483330006,0.0,0.0,0.12425134757436614,0.000244140625,0.0,0.0,0.0,0.001190185546875,0.00482177734375,4.875,1564
libero_goal/open_the_top_drawer_and_put_the_bowl_inside/right-16x32,primary_canonical,14,all,action,1001800,0.0003338302578795668,0.035975717829001545,0.1392591083851801,0.9991852163968626,4.371271420915009e-05,0.3839978039528848,0.6160021960471151,0.5249111599121581,0.6160021960471151,0.0,0.006544220403274107,0.006544220403274107,0.6160021960471151,0.3839978039528848,0.0,0.0,0.12514823318027551,0.000244140625,0.0,0.0,0.0,0.000274658203125,0.001068115234375,1.125,15652
libero_goal/open_the_top_drawer_and_put_the_bowl_inside/right-16x32,primary_canonical,15,0,state,100180,0.0014589096072382213,0.05446957865977958,0.18618567572022704,0.9897267468010363,3.277791381762827e-05,0.09253343980834498,0.9074665601916551,0.8831104012777001,0.9074665601916551,0.0,0.0056897584348173285,0.0056897584348173285,0.9074665601916551,0.09253343980834498,0.0,0.0,0.12497192553403873,0.000244140625,0.0,0.0,0.0,0.001068115234375,0.003997802734375,4.375,1565
libero_goal/open_the_top_drawer_and_put_the_bowl_inside/right-16x32,primary_canonical,15,all,action,1001800,0.0003485206273483121,0.03663159154708049,0.14062359914019998,0.9987029986213509,4.903875965157248e-05,0.47289678578558597,0.5271032142144141,0.5160790576961469,0.5271032142144141,0.0,0.0007646236773807148,0.0007646236773807148,0.5271032142144141,0.47289678578558597,0.0,0.0,0.12523376671990416,0.000244138797235289,0.0,0.0,0.0,0.000274658203125,0.0010986328125,1.125,15653
libero_long/KITCHEN_SCENE8_put_both_moka_pots_on_the_stove/right-16x32,primary_canonical,2,0,state,228830,0.005518991911853573,0.18813490245598874,0.38448039640294857,0.897294955476985,4.517214701360419e-05,0.02670104444347332,0.9732989555565267,0.9710265262421885,0.9732989555565267,0.0,0.00013110169121181663,0.00013110169121181663,0.9732989555565267,0.02670104444347332,0.0,0.0,0.12480334746318228,0.00024486612264016955,0.0,0.0,0.00030517578125,0.00372314453125,0.017120361328125,15.5,3576
libero_long/KITCHEN_SCENE8_put_both_moka_pots_on_the_stove/right-16x32,primary_canonical,2,all,action,2288300,0.0003919935632782456,0.03718053219530209,0.14265913798738933,0.9986335846885009,3.873757974712737e-05,0.24785561333741205,0.752144386662588,0.6164746755233143,0.752144386662588,0.0,0.024433422191146265,0.024433422191146265,0.752144386662588,0.24785561333741205,0.0,0.0,0.1250872918760652,0.000244140625,0.0,0.0,0.0,0.000274658203125,0.001129150390625,1.125,35755
libero_long/KITCHEN_SCENE8_put_both_moka_pots_on_the_stove/right-16x32,primary_canonical,3,0,state,228830,0.0042968307899875526,0.1426401670509528,0.3180626824733256,0.9287169022466973,4.0525990610214784e-05,0.03146440589083599,0.968535594109164,0.9554691255517196,0.968535594109164,0.0,0.001442118603329983,0.001442118603329983,0.968535594109164,0.03146440589083599,0.0,0.0,0.1253618952934493,0.00024536756953852205,0.0,0.0,0.00030517578125,0.00311279296875,0.011515808291733265,12.875,3574
libero_long/KITCHEN_SCENE8_put_both_moka_pots_on_the_stove/right-16x32,primary_canonical,3,all,action,2288300,0.000382165404115842,0.03695559788004468,0.14219300530014434,0.9987009243997343,3.8200229717625225e-05,0.22862168421972642,0.7713783157802736,0.6022650002185028,0.7713783157802736,0.0,0.03625617270462789,0.03625617270462789,0.7713783157802736,0.22862168421972642,0.0,0.0,0.12503394987545338,0.000244140625,0.0,0.0,0.0,0.000274658203125,0.0010986328125,1.125,35755
libero_long/KITCHEN_SCENE8_put_both_moka_pots_on_the_stove/right-16x32,primary_canonical,4,0,state,228830,0.0031566128928527046,0.32102873287526834,0.45870889861157677,0.8128253495024306,6.326939141433076e-05,0.02788095966437967,0.9721190403356204,0.9445876851811389,0.9721190403356204,0.0,0.0039767513000917715,0.0039767513000917715,0.9721190403356204,0.02788095966437967,0.0,0.0,0.12583304199624176,0.00020949677904653563,0.0,0.0,0.0001373291015625,0.002197265625,0.009440612979233265,10.875,3574
libero_long/KITCHEN_SCENE8_put_both_moka_pots_on_the_stove/right-16x32,primary_canonical,4,all,action,2288300,0.00038702669174100313,0.037037091162875416,0.14222443037712817,0.9987366321829447,3.830579529222021e-05,0.2330599134728838,0.7669400865271162,0.6007284883975004,0.7669400865271162,0.0,0.034383166542848405,0.034383166542848405,0.7669400865271162,0.2330599134728838,0.0,0.0,0.1251264311934624,0.000244140625,0.0,0.0,0.0,0.000274658203125,0.001129150390625,1.125,35755
libero_long/KITCHEN_SCENE8_put_both_moka_pots_on_the_stove/right-16x32,primary_canonical,5,0,state,228830,0.003348875518800162,0.2969521187987876,0.4378053830781975,0.7973795632747057,6.09011675716254e-05,0.03150810645457326,0.9684918935454268,0.9493947471922388,0.9684918935454268,0.0,0.002884237206659966,0.002884237206659966,0.9684918935454268,0.03150810645457326,0.0,0.0,0.12505599134728837,0.00020121790409108973,0.0,0.0,0.00011444091796875,0.002124786376953125,0.011363220401108265,11.75,3574
libero_long/KITCHEN_SCENE8_put_both_moka_pots_on_the_stove/right-16x32,primary_canonical,5,all,action,2288300,0.00043785374278044494,0.038185313512816045,0.145022255273589,0.998203182624639,3.874393785374411e-05,0.24353843464580693,0.7564615653541931,0.6771275619455491,0.7564615653541931,0.0,0.010700520036708473,0.010700520036708473,0.7564615653541931,0.24353843464580693,0.0,0.0,0.12500314097801862,0.00024413054271661824,0.0,0.0,0.0,0.000274658203125,0.001373291015625,1.125,35755
libero_long/KITCHEN_SCENE8_put_both_moka_pots_on_the_stove/right-16x32,primary_canonical,12,0,state,228830,0.0021839506094863,0.0626905098123129,0.2057416232655485,0.9846812624414135,3.215928326295722e-05,0.055456015382598436,0.9445439846174015,0.9066555958571866,0.9445439846174015,0.0,0.009089717257352619,0.009089717257352619,0.9445439846174015,0.055456015382598436,0.0,0.0,0.12510242319625922,0.0002441993049561902,0.0,0.0,0.0,0.0015869140625,0.007121277041733265,6.5,3574
libero_long/KITCHEN_SCENE8_put_both_moka_pots_on_the_stove/right-16x32,primary_canonical,12,all,action,2288300,0.0003723408457689319,0.03637746174685663,0.14049548429464045,0.9991018345724769,4.0402553488167046e-05,0.3031342044312372,0.6968657955687628,0.5810383253943976,0.6968657955687628,0.0,0.0076305554341651,0.0076305554341651,0.6968657955687628,0.3031342044312372,0.0,0.0,0.12504714198313158,0.000244140625,0.0,0.0,0.0,0.000274658203125,0.0010986328125,1.125,35754
libero_long/KITCHEN_SCENE8_put_both_moka_pots_on_the_stove/right-16x32,primary_canonical,13,0,state,228830,0.001993920905905858,0.058037616049749,0.19690115445665518,0.9867550101187691,3.310983187146981e-05,0.0706201109994319,0.9293798890005681,0.9180614429926146,0.9293798890005681,0.0,0.0025783332604990606,0.0025783332604990606,0.9293798890005681,0.0706201109994319,0.0,0.0,0.12485797316785387,0.000244140625,0.0,0.0,0.0,0.00140380859375,0.00579833984375,5.75,3574
libero_long/KITCHEN_SCENE8_put_both_moka_pots_on_the_stove/right-16x32,primary_canonical,13,all,action,2288300,0.0003846539143670383,0.03678601335344555,0.14155273508182675,0.9988784934622849,4.165097289020165e-05,0.3271856836953197,0.6728143163046804,0.5904391906655596,0.6728143163046804,0.0,0.0053926495651793905,0.0053926495651793905,0.6728143163046804,0.3271856836953197,0.0,0.0,0.12509480291045755,0.000244140625,0.0,0.0,0.0,0.000274658203125,0.001129150390625,1.125,35755
libero_long/KITCHEN_SCENE8_put_both_moka_pots_on_the_stove/right-16x32,primary_canonical,14,0,state,228830,0.001980405845086964,0.05768698997515896,0.1942511943078138,0.9882065929644686,3.2288979302491205e-05,0.0728051391862955,0.9271948608137045,0.92422322247957,0.9271948608137045,0.0,0.0005244067648472665,0.0005244067648472665,0.9271948608137045,0.0728051391862955,0.0,0.0,0.12586035484857755,0.000244140625,0.0,0.0,0.0,0.0013427734375,0.005706787109375,5.5,3575
libero_long/KITCHEN_SCENE8_put_both_moka_pots_on_the_stove/right-16x32,primary_canonical,14,all,action,2288300,0.00035861012277468537,0.036293405750302835,0.1402464206880432,0.9990807066576957,4.511381380260968e-05,0.4135065332342787,0.5864934667657212,0.5464178647904558,0.5864934667657212,0.0,0.0025958134859939692,0.0025958134859939692,0.5864934667657212,0.4135065332342787,0.0,0.0,0.12494672628151904,0.000244140625,0.0,0.0,0.0,0.000274658203125,0.0010986328125,1.125,35754
libero_long/KITCHEN_SCENE8_put_both_moka_pots_on_the_stove/right-16x32,primary_canonical,15,0,state,228830,0.0015415317845637318,0.051719881242864515,0.18320804664796192,0.9899652658556796,3.348324977449826e-05,0.09063496919110256,0.9093650308088974,0.9013678276449766,0.9093650308088974,0.0,0.001879124240702705,0.001879124240702705,0.9093650308088974,0.09063496919110256,0.0,0.0,0.12582348249792422,0.000244140625,0.0,0.0,0.0,0.0010986328125,0.00445556640625,4.5,3575
libero_long/KITCHEN_SCENE8_put_both_moka_pots_on_the_stove/right-16x32,primary_canonical,15,all,action,2288300,0.0003756830693645733,0.03718249195913895,0.1418503479436004,0.9985459513556513,4.887533735906995e-05,0.46036926976357995,0.53963073023642,0.5371769435825722,0.53963073023642,0.0,0.00014158982650876197,0.00014158982650876197,0.53963073023642,0.46036926976357995,0.0,0.0,0.125127783179653,0.00024413979814607187,0.0,0.0,0.0,0.00048828125,0.0010986328125,2.0,35754
libero_spatial/pick_up_the_black_bowl_on_the_ramekin_and_place_it_on_the_plate/pin-base,duplicate_baseline,2,0,state,51390,0.0098801950787635,0.2816387413308462,0.5048467068617435,0.8052119317744163,5.9339201712473793e-05,0.017707725238373224,0.9822922747616267,0.9815139132126873,0.9822922747616267,0.0,0.0,0.0,0.9822922747616267,0.017707725238373224,0.0,0.0,0.12580268534734385,0.0002720571719479714,0.0,0.0,0.0003662109375,0.00634002685546875,0.03235016018152237,24.91666603088379,804
libero_spatial/pick_up_the_black_bowl_on_the_ramekin_and_place_it_on_the_plate/pin-base,duplicate_baseline,2,all,action,513900,0.0005627376677391941,0.03982839560225725,0.15004080887271357,0.9974147976710189,3.6733448795363884e-05,0.18065771550885387,0.8193422844911461,0.7452656158785756,0.8193422844911461,0.0,0.016983848997859506,0.016983848997859506,0.8193422844911461,0.18065771550885387,0.0,0.0,0.1250068106635532,0.000244140625,0.0,0.0,0.0,0.00030517578125,0.001678466796875,1.25,8030
libero_spatial/pick_up_the_black_bowl_on_the_ramekin_and_place_it_on_the_plate/pin-base,duplicate_baseline,3,0,state,51390,0.008238828977876936,0.32513332719537485,0.5179575897650303,0.7636848438482592,6.63627954651164e-05,0.018680677174547577,0.9813193228254524,0.978984238178634,0.9813193228254524,0.0,0.0001945903872348706,0.0001945903872348706,0.9813193228254524,0.018680677174547577,0.0,0.0,0.12502432379840436,0.00024386745734213854,0.0,0.0,0.00025577546330168843,0.0055389404296875,0.02666320838034153,24.520833015441895,802
libero_spatial/pick_up_the_black_bowl_on_the_ramekin_and_place_it_on_the_plate/pin-base,duplicate_baseline,3,all,action,513900,0.0005417298277799062,0.039448700099632555,0.14928660015485518,0.997482564812459,3.6630602656785885e-05,0.17914380229616658,0.8208561977038334,0.7322805993383927,0.8208561977038334,0.0,0.02086008951157813,0.02086008951157813,0.8208561977038334,0.17914380229616658,0.0,0.0,0.12507114711033274,0.000244140625,0.0,0.0,0.0,0.000396728515625,0.001678466796875,1.625,8030
libero_spatial/pick_up_the_black_bowl_on_the_ramekin_and_place_it_on_the_plate/pin-base,duplicate_baseline,4,0,state,51390,0.00503699188915341,0.2182884594883337,0.38930599214873396,0.8767154825107205,4.887706135283836e-05,0.021988713757540378,0.9780112862424596,0.9647791399104885,0.9780112862424596,0.0,0.0017513134851138354,0.0017513134851138354,0.9780112862424596,0.021988713757540378,0.0,0.0,0.125814847246546,0.00023458569540219402,0.0,0.0,0.0002761840878520161,0.0032501220703125,0.01422119140625,13.875,802
libero_spatial/pick_up_the_black_bowl_on_the_ramekin_and_place_it_on_the_plate/pin-base,duplicate_baseline,4,all,action,513900,0.0005585909826928573,0.03925744069506394,0.1490601182749448,0.9976550360618108,3.639866995379998e-05,0.17498929752870207,0.8250107024712979,0.7346623856781475,0.8250107024712979,0.0,0.021227865343452033,0.021227865343452033,0.8250107024712979,0.17498929752870207,0.0,0.0,0.12501599289745086,0.000244140625,0.0,0.0,0.0,0.000396728515625,0.001678466796875,1.625,8031
libero_spatial/pick_up_the_black_bowl_on_the_ramekin_and_place_it_on_the_plate/pin-base,duplicate_baseline,5,0,state,51390,0.006249632114425988,0.28367713027066305,0.4639262295715724,0.8194526515569082,6.0895603207396866e-05,0.028604786923525978,0.971395213076474,0.9583576571317377,0.971395213076474,0.0,0.0015567230978789648,0.0015567230978789648,0.971395213076474,0.028604786923525978,0.0,0.0,0.1284904650710255,0.0002306039798674961,0.0,0.0,0.000152587890625,0.00350189208984375,0.02123718336224556,18.375,802
libero_spatial/pick_up_the_black_bowl_on_the_ramekin_and_place_it_on_the_plate/pin-base,duplicate_baseline,5,all,action,513900,0.0006477143064410938,0.04095170982525631,0.15295798179031136,0.9969862402397085,3.6290716767705444e-05,0.1730998248686515,0.8269001751313485,0.7845514691574236,0.8269001751313485,0.0,0.009285853278848025,0.009285853278848025,0.8269001751313485,0.1730998248686515,0.0,0.0,0.1251266661801907,0.0002441405062314531,0.0,0.0,0.0,0.00054931640625,0.001983642578125,2.25,8030
libero_spatial/pick_up_the_black_bowl_on_the_ramekin_and_place_it_on_the_plate/pin-base,duplicate_baseline,12,0,state,51390,0.003264769201358484,0.08538364069683121,0.24298089764697656,0.9714271983276385,3.343928437864857e-05,0.03677758318739054,0.9632224168126094,0.9305312317571512,0.9632224168126094,0.0,0.008172796263864565,0.008172796263864565,0.9632224168126094,0.03677758318739054,0.0,0.0,0.12439190503989103,0.00024433065467503403,0.0,0.0,0.00018310546875,0.0022125244140625,0.01089324988424778,9.0625,802
libero_spatial/pick_up_the_black_bowl_on_the_ramekin_and_place_it_on_the_plate/pin-base,duplicate_baseline,12,all,action,513900,0.0007575524087591518,0.04157798296469477,0.15545002293183102,0.996827716962631,3.6496698543194504e-05,0.1677991827203736,0.8322008172796264,0.8239579684763573,0.8322008172796264,0.0,0.00047090873710838683,0.00047090873710838683,0.8322008172796264,0.1677991827203736,0.0,0.0,0.12492958260361939,0.000244140625,0.0,0.0,0.0,0.00054931640625,0.0023193359375,2.25,8030
libero_spatial/pick_up_the_black_bowl_on_the_ramekin_and_place_it_on_the_plate/pin-base,duplicate_baseline,13,0,state,51390,0.0027965420205019217,0.0749855316156171,0.22799114012769234,0.9763550130187549,3.271553854599934e-05,0.04592333138742946,0.9540766686125706,0.9424012453784784,0.9540766686125706,0.0,0.0017513134851138354,0.0017513134851138354,0.9540766686125706,0.04592333138742946,0.0,0.0,0.1267756372835182,0.000244140625,0.0,0.0,0.0,0.0020904541015625,0.008209228515625,8.5625,802
libero_spatial/pick_up_the_black_bowl_on_the_ramekin_and_place_it_on_the_plate/pin-base,duplicate_baseline,13,all,action,513900,0.0007730412524969899,0.041965963167308204,0.15592099224089834,0.9967716628313065,3.685732438977671e-05,0.18119673088149446,0.8188032691185055,0.8102588052150224,0.8188032691185055,0.0,0.0004456119867678537,0.0004456119867678537,0.8188032691185055,0.18119673088149446,0.0,0.0,0.1249637575403775,0.000244140625,0.0,0.0,0.0,0.00054931640625,0.0023666382767260075,2.25,8030
libero_spatial/pick_up_the_black_bowl_on_the_ramekin_and_place_it_on_the_plate/pin-base,duplicate_baseline,14,0,state,51390,0.0028696678148259634,0.06720224273972623,0.2196966268877548,0.979579644795637,3.118045507736488e-05,0.057014983459817085,0.942985016540183,0.9330609067912046,0.942985016540183,0.0,0.001945903872348706,0.001945903872348706,0.942985016540183,0.057014983459817085,0.0,0.0,0.12524323798404358,0.00024416437870937923,0.0,0.0,0.00030517578125,0.00225830078125,0.0091705322265625,9.25,803
libero_spatial/pick_up_the_black_bowl_on_the_ramekin_and_place_it_on_the_plate/pin-base,duplicate_baseline,14,all,action,513900,0.0007279656791204514,0.04116020379304932,0.15434773192931808,0.9969504203051067,3.9485553564044564e-05,0.25777972368165014,0.7422202763183499,0.7393189336446779,0.7422202763183499,0.0,0.00015761821366024517,0.00015761821366024517,0.7422202763183499,0.25777972368165014,0.0,0.0,0.12512544999027048,0.000244140625,0.0,0.0,0.0,0.00054931640625,0.00225830078125,2.25,8028
libero_spatial/pick_up_the_black_bowl_on_the_ramekin_and_place_it_on_the_plate/pin-base,duplicate_baseline,15,0,state,51390,0.0023804482933054826,0.06551692893612267,0.21203171462255546,0.9809465103052915,3.2803130349335354e-05,0.06985794901731854,0.9301420509826814,0.9215800739443472,0.9301420509826814,0.0,0.000972951936174353,0.000972951936174353,0.9301420509826814,0.06985794901731854,0.0,0.0,0.12337030550690796,0.0002444494232219303,0.0,0.0,0.0,0.001373291015625,0.007321166805922985,5.625,803
libero_spatial/pick_up_the_black_bowl_on_the_ramekin_and_place_it_on_the_plate/pin-base,duplicate_baseline,15,all,action,513900,0.0007307395779174876,0.04171738214264539,0.15491083041590276,0.9967392074419241,4.191581041670467e-05,0.29622689239151584,0.7037731076084841,0.7037011091652072,0.7037731076084841,0.0,3.891807744697412e-06,3.891807744697412e-06,0.7037731076084841,0.29622689239151584,0.0,0.0,0.12509905866900176,0.0002441405062314531,0.0,0.0,0.0,0.00054931640625,0.002288818359375,2.25,8028
libero_spatial/pick_up_the_black_bowl_on_the_ramekin_and_place_it_on_the_plate/pin-off,routing_intervention,2,0,state,51760,0.00963723419991306,0.27384010090894273,0.49927762929217706,0.8107532464382361,5.743918592078608e-05,0.020672333848531683,0.9793276661514683,0.9777820710973725,0.9793276661514683,0.8981839258114374,0.8981839258114374,0.0,0.10065687789799073,0.0015455950540958269,0.8977975270479135,0.0,0.12358119204018547,0.00027583739857032455,0.8981839258114374,0.0,0.0003868103085551411,0.0064697265625,0.0341796875,25.25,808
libero_spatial/pick_up_the_black_bowl_on_the_ramekin_and_place_it_on_the_plate/pin-off,routing_intervention,2,all,action,517600,0.0005625378993416127,0.039798200333136864,0.14998814277707886,0.9974275570342078,3.672543780696816e-05,0.18124420401854713,0.8187557959814529,0.745355486862442,0.8187557959814529,0.0,0.01689528593508501,0.01689528593508501,0.8187557959814529,0.18124420401854713,0.0,0.0,0.12515353313369398,0.000244140625,0.0,0.0,0.0,0.000396728515625,0.001678466796875,1.625,8088
libero_spatial/pick_up_the_black_bowl_on_the_ramekin_and_place_it_on_the_plate/pin-off,routing_intervention,3,0,state,51760,0.008590837903148055,0.3261722759264514,0.5190829217341805,0.761826139677552,6.557207617914474e-05,0.020479134466769706,0.9795208655332303,0.9754636785162287,0.9795208655332303,0.9918856259659969,0.9918856259659969,0.0003863987635239567,0.007921174652241113,0.00019319938176197836,0.9918856259659969,0.0,0.1223736959041731,0.00023975254394908592,0.9918856259659969,0.0,0.0002342224179301411,0.0044097900390625,0.03108367882668972,21.75,808
libero_spatial/pick_up_the_black_bowl_on_the_ramekin_and_place_it_on_the_plate/pin-off,routing_intervention,3,all,action,517600,0.0005409048513798662,0.03944202328760067,0.1492599420090547,0.9974836657846914,3.6670988457280293e-05,0.17682959814528593,0.823170401854714,0.731935857805255,0.823170401854714,0.0,0.022117465224111284,0.022117465224111284,0.823170401854714,0.17682959814528593,0.0,0.0,0.12498937403400309,0.000244140625,0.0,0.0,0.0,0.00030517578125,0.00164794921875,1.25,8088
libero_spatial/pick_up_the_black_bowl_on_the_ramekin_and_place_it_on_the_plate/pin-off,routing_intervention,4,0,state,51760,0.00507891565054609,0.23071642821133598,0.4022170719812974,0.8681403847851746,5.059798681385919e-05,0.025502318392581144,0.9744976816074189,0.964451313755796,0.9744976816074189,1.0,1.0,0.0019319938176197836,0.0,0.0,1.0,0.0,0.12288688176197836,0.0002315939854617465,1.0,0.0,0.000274658203125,0.0035858154296875,0.01481018029153347,15.875,808
libero_spatial/pick_up_the_black_bowl_on_the_ramekin_and_place_it_on_the_plate/pin-off,routing_intervention,4,all,action,517600,0.0005606043136101418,0.0392510733390702,0.14907120104735197,0.9976545373721184,3.6388851207043325e-05,0.17399149922720247,0.8260085007727975,0.7351989953632149,0.8260085007727975,0.0,0.021269319938176198,0.021269319938176198,0.8260085007727975,0.17399149922720247,0.0,0.0,0.12504974884080372,0.000244140625,0.0,0.0,0.0,0.000396728515625,0.0016662597190588713,1.625,8089
libero_spatial/pick_up_the_black_bowl_on_the_ramekin_and_place_it_on_the_plate/pin-off,routing_intervention,5,0,state,51760,0.005709130023325429,0.2701303992057694,0.45039621866099433,0.8302711528974946,5.844023533545469e-05,0.0330370942812983,0.9669629057187017,0.9391421947449768,0.9669629057187017,0.9932380216383307,0.9934312210200927,0.002704791344667697,0.006568778979907265,0.00019319938176197836,0.9932380216383307,0.0,0.12531394899536322,0.0002393442475261423,0.9932380216383307,0.0,0.00018310546875,0.00339508056640625,0.01874542236328125,15.5,808
libero_spatial/pick_up_the_black_bowl_on_the_ramekin_and_place_it_on_the_plate/pin-off,routing_intervention,5,all,action,517600,0.000644289632853253,0.040905349530982085,0.15287273849180713,0.9969876945227201,3.636425024206524e-05,0.17372295208655333,0.8262770479134467,0.7813002318392581,0.8262770479134467,0.0,0.010015455950540958,0.010015455950540958,0.8262770479134467,0.17372295208655333,0.0,0.0,0.12491589789412674,0.00024414015332182188,0.0,0.0,0.0,0.00054931640625,0.0019424438942223787,2.25,8088
libero_spatial/pick_up_the_black_bowl_on_the_ramekin_and_place_it_on_the_plate/pin-off,routing_intervention,12,0,state,51760,0.003280910863389925,0.08231966351799472,0.2393592645801385,0.9726319732561914,3.363139109781021e-05,0.034969088098918084,0.9648377125193199,0.9350850077279753,0.9650309119010819,0.0,0.0036707882534775887,0.0036707882534775887,0.9650309119010819,0.034969088098918084,0.0,0.0,0.1262980583462133,0.00024482455835828825,0.0,0.0,0.00018310546875,0.00213623046875,0.01175842247903347,8.75,808
libero_spatial/pick_up_the_black_bowl_on_the_ramekin_and_place_it_on_the_plate/pin-off,routing_intervention,12,all,action,517600,0.0007539662474642581,0.04158204192171878,0.15544626439373127,0.996809764035288,3.660717924374517e-05,0.16820904173106646,0.8317909582689336,0.8237229520865533,0.8317909582689336,0.0,0.00043083462132921177,0.00043083462132921177,0.8317909582689336,0.16820904173106646,0.0,0.0,0.12483813514296754,0.000244140625,0.0,0.0,0.0,0.00054931640625,0.002227783203125,2.25,8088
libero_spatial/pick_up_the_black_bowl_on_the_ramekin_and_place_it_on_the_plate/pin-off,routing_intervention,13,0,state,51760,0.0030968679342608914,0.07541831604664255,0.23139274986302466,0.9752877070647672,3.455042654801005e-05,0.049845440494590415,0.9501545595054096,0.9275502318392581,0.9501545595054096,0.0,0.002511591962905719,0.002511591962905719,0.9501545595054096,0.049845440494590415,0.0,0.0,0.12660596986089645,0.0002447302227226623,0.0,0.0,0.000152587890625,0.002227783203125,0.009358215145766735,9.125,808
libero_spatial/pick_up_the_black_bowl_on_the_ramekin_and_place_it_on_the_plate/pin-off,routing_intervention,13,all,action,517600,0.000773281763657536,0.04205941119186661,0.1560356552265527,0.996746016731932,3.6705221975052375e-05,0.1785065687789799,0.8214934312210201,0.8124671561051005,0.8214934312210201,0.0,0.0004598145285935085,0.0004598145285935085,0.8214934312210201,0.1785065687789799,0.0,0.0,0.12507546850850076,0.000244140625,0.0,0.0,0.0,0.00054931640625,0.00238037109375,2.25,8088
libero_spatial/pick_up_the_black_bowl_on_the_ramekin_and_place_it_on_the_plate/pin-off,routing_intervention,14,0,state,51760,0.0027549189430484448,0.06781443930482937,0.21939041515037855,0.9795442960200575,3.276173445688333e-05,0.05100463678516229,0.9489953632148377,0.9412673879443586,0.9489953632148377,0.0,0.00115919629057187,0.00115919629057187,0.9489953632148377,0.05100463678516229,0.0,0.0,0.12582109737248842,0.000244140625,0.0,0.0,0.0,0.0019378662109375,0.00827636756002903,7.9375,808
libero_spatial/pick_up_the_black_bowl_on_the_ramekin_and_place_it_on_the_plate/pin-off,routing_intervention,14,all,action,517600,0.0007302231471726478,0.04123453125518846,0.15459103526803772,0.9968806973688155,3.9385835391108e-05,0.2563137557959815,0.7436862442040185,0.7408925811437403,0.7436862442040185,0.0,0.00013137557959814528,0.00013137557959814528,0.7436862442040185,0.2563137557959815,0.0,0.0,0.12502891953245748,0.000244140625,0.0,0.0,0.0,0.00054931640625,0.00225830078125,2.25,8087
libero_spatial/pick_up_the_black_bowl_on_the_ramekin_and_place_it_on_the_plate/pin-off,routing_intervention,15,0,state,51760,0.0021952374088340418,0.06612743513293023,0.2110913732136604,0.981067942895882,3.225615440970042e-05,0.0660741885625966,0.9339258114374034,0.9250386398763524,0.9339258114374034,0.0,0.0009659969088098918,0.0009659969088098918,0.9339258114374034,0.0660741885625966,0.0,0.0,0.1265033326893354,0.000244140625,0.0,0.0,0.0,0.001373291015625,0.006549072451889515,5.625,808
libero_spatial/pick_up_the_black_bowl_on_the_ramekin_and_place_it_on_the_plate/pin-off,routing_intervention,15,all,action,517600,0.0007433257184035995,0.04178102743865165,0.1551812429885039,0.9966745651193205,4.175251012976055e-05,0.2926545595054096,0.7073454404945905,0.7072700927357033,0.7073454404945905,0.0,1.9319938176197835e-06,1.9319938176197835e-06,0.7073454404945905,0.2926545595054096,0.0,0.0,0.1251151951313756,0.000244140625,0.0,0.0,0.0,0.00054931640625,0.0023193359375,2.25,8087
libero_spatial/pick_up_the_black_bowl_on_the_ramekin_and_place_it_on_the_plate/pin-on,routing_intervention,2,0,state,50520,0.01001783447990508,0.26710728926971994,0.4911023031976236,0.8172010062284537,5.735307106024107e-05,0.017022961203483768,0.9829770387965162,0.9817893903404592,0.9829770387965162,0.9877276326207443,0.9877276326207443,0.0,0.01227236737925574,0.000395882818685669,0.9873317498020586,0.0,0.12488247228820269,0.0002836105092970606,0.9877276326207443,0.0,0.0006103515625,0.006744384765625,0.03715362399816513,26.5,790
libero_spatial/pick_up_the_black_bowl_on_the_ramekin_and_place_it_on_the_plate/pin-on,routing_intervention,2,all,action,505200,0.0005610981123464407,0.03982276922544599,0.15000988009612143,0.9974210830848083,3.683313715580618e-05,0.18227830562153602,0.817721694378464,0.7442676167854315,0.817721694378464,0.0,0.01707046714172605,0.01707046714172605,0.817721694378464,0.18227830562153602,0.0,0.0,0.12501991785431513,0.000244140625,0.0,0.0,0.0,0.00030517578125,0.001678466796875,1.25,7895
libero_spatial/pick_up_the_black_bowl_on_the_ramekin_and_place_it_on_the_plate/pin-on,routing_intervention,3,0,state,50520,0.006979553452202562,0.31403506075873416,0.5099774584917445,0.7776159519773576,6.329870516595063e-05,0.025336500395882817,0.9746634996041171,0.970110847189232,0.9746634996041171,0.9400237529691211,0.9400237529691211,0.000395882818685669,0.05918448139350752,0.001979414093428345,0.9388361045130641,0.0,0.1236762668250198,0.00025018433777000443,0.9400237529691211,0.0,0.0002952575741801411,0.0045928955078125,0.02152099646627903,20.375,788
libero_spatial/pick_up_the_black_bowl_on_the_ramekin_and_place_it_on_the_plate/pin-on,routing_intervention,3,all,action,505200,0.0005454233612036385,0.039477506503167836,0.14937086997858987,0.9974705267676925,3.6615581618163287e-05,0.17890736342042754,0.8210926365795724,0.7339212193190815,0.8210926365795724,0.0,0.020985748218527316,0.020985748218527316,0.8210926365795724,0.17890736342042754,0.0,0.0,0.12493443190815519,0.000244140625,0.0,0.0,0.0,0.00030517578125,0.001617431640625,1.25,7895
libero_spatial/pick_up_the_black_bowl_on_the_ramekin_and_place_it_on_the_plate/pin-on,routing_intervention,4,0,state,50520,0.0045989633833522,0.207270515786214,0.3845149966713369,0.8839878186595317,4.901427271247193e-05,0.022961203483768806,0.9770387965162312,0.9669437846397466,0.9770387965162312,0.9857482185273159,0.9857482185273159,0.001979414093428345,0.013657957244655582,0.0005938242280285036,0.9857482185273159,0.0,0.12752993863816312,0.00023574406253092835,0.9857482185273159,0.0,0.0002853393671102822,0.0031890869140625,0.013214111328125,15.25,788
libero_spatial/pick_up_the_black_bowl_on_the_ramekin_and_place_it_on_the_plate/pin-on,routing_intervention,4,all,action,505200,0.0005569024286096472,0.03922005358142505,0.14896748389503076,0.9976733807709749,3.6423215767927614e-05,0.17545724465558193,0.824542755344418,0.7320209817893903,0.824542755344418,0.0,0.02165281076801267,0.02165281076801267,0.824542755344418,0.17545724465558193,0.0,0.0,0.12493208135391924,0.000244140625,0.0,0.0,0.0,0.00030517578125,0.00164794921875,1.25,7896
libero_spatial/pick_up_the_black_bowl_on_the_ramekin_and_place_it_on_the_plate/pin-on,routing_intervention,5,0,state,50520,0.0056388731146274065,0.26885741680081837,0.4452694887597695,0.832633762047438,5.719702770477802e-05,0.019992082343626285,0.9800079176563737,0.9663499604117182,0.9800079176563737,0.9220110847189232,0.9218131433095804,0.001583531274742676,0.0773950910530483,0.0017814726840855108,0.9208234362628662,0.0,0.12516082739509105,0.00023665016639449723,0.9220110847189232,0.0,0.000335693359375,0.0037384033203125,0.01845092698931694,17.1875,788
libero_spatial/pick_up_the_black_bowl_on_the_ramekin_and_place_it_on_the_plate/pin-on,routing_intervention,5,all,action,505200,0.0006452553780043021,0.04089279627856619,0.15283293949830937,0.9970153915143541,3.631924790044862e-05,0.17469714964370547,0.8253028503562946,0.7825296912114015,0.8253028503562946,0.0,0.009390340459224069,0.009390340459224069,0.8253028503562946,0.17469714964370547,0.0,0.0,0.12497705116785432,0.00024413990011690914,0.0,0.0,0.0,0.00054931640625,0.001983642578125,2.25,7894
libero_spatial/pick_up_the_black_bowl_on_the_ramekin_and_place_it_on_the_plate/pin-on,routing_intervention,12,0,state,50520,0.003532868760592958,0.08427103605897107,0.24216133172042012,0.9718573981584865,3.306146472196964e-05,0.03661916072842439,0.9633808392715756,0.9471496437054632,0.9633808392715756,0.0,0.0017814726840855108,0.0017814726840855108,0.9633808392715756,0.03661916072842439,0.0,0.0,0.12488865795724466,0.0002452279496362827,0.0,0.0,0.000274658203125,0.0023193359375,0.01083221472799778,9.5,788
libero_spatial/pick_up_the_black_bowl_on_the_ramekin_and_place_it_on_the_plate/pin-on,routing_intervention,12,all,action,505200,0.0007450144232404864,0.04143254827528083,0.15510012163779893,0.9968522031359841,3.673745258781331e-05,0.17021179730799682,0.8297882026920032,0.8212272367379255,0.8297882026920032,0.0,0.00048297703879651623,0.00048297703879651623,0.8297882026920032,0.17021179730799682,0.0,0.0,0.12507831057007127,0.000244140625,0.0,0.0,0.0,0.00054931640625,0.00225830078125,2.25,7893
libero_spatial/pick_up_the_black_bowl_on_the_ramekin_and_place_it_on_the_plate/pin-on,routing_intervention,13,0,state,50520,0.002787115077413648,0.0728334742506062,0.22674823921064677,0.976354341679684,3.386412172778108e-05,0.04631828978622328,0.9536817102137767,0.944972288202692,0.9536817102137767,0.0,0.001583531274742676,0.001583531274742676,0.9536817102137767,0.04631828978622328,0.0,0.0,0.1235216250989707,0.0002442131133090855,0.0,0.0,0.00018310546875,0.002105712890625,0.008636474609375,8.625,790
libero_spatial/pick_up_the_black_bowl_on_the_ramekin_and_place_it_on_the_plate/pin-on,routing_intervention,13,all,action,505200,0.0007594528258649112,0.04197718622565553,0.1557175217218467,0.9967831786151501,3.685596342230259e-05,0.1824505146476643,0.8175494853523357,0.807416864608076,0.8175494853523357,0.0,0.0005898653998416468,0.0005898653998416468,0.8175494853523357,0.1824505146476643,0.0,0.0,0.12499146377672209,0.000244140625,0.0,0.0,0.0,0.00054931640625,0.0023193359375,2.25,7893
libero_spatial/pick_up_the_black_bowl_on_the_ramekin_and_place_it_on_the_plate/pin-on,routing_intervention,14,0,state,50520,0.0028051465442986688,0.06562900618721546,0.2172218316713214,0.9799098470738645,3.337633581455983e-05,0.05087094220110847,0.9491290577988916,0.9404196357878069,0.9491290577988916,0.0,0.00217735550277118,0.00217735550277118,0.9491290577988916,0.05087094220110847,0.0,0.0,0.12277934481393507,0.0002442131133090855,0.0,0.0,0.0,0.0017852783203125,0.00809326209127903,7.3125,790
libero_spatial/pick_up_the_black_bowl_on_the_ramekin_and_place_it_on_the_plate/pin-on,routing_intervention,14,all,action,505200,0.0007228857359051798,0.041087274136094,0.15412303607424194,0.9970184121287398,3.9501265694202174e-05,0.2595744259699129,0.7404255740300871,0.7377414885193982,0.7404255740300871,0.0,0.00015439429928741093,0.00015439429928741093,0.7404255740300871,0.2595744259699129,0.0,0.0,0.12505932056611244,0.000244140625,0.0,0.0,0.0,0.00054931640625,0.002227783203125,2.25,7891
libero_spatial/pick_up_the_black_bowl_on_the_ramekin_and_place_it_on_the_plate/pin-on,routing_intervention,15,0,state,50520,0.002405850734393557,0.06278798397061189,0.20903700755308852,0.9820909991400258,3.366628905090187e-05,0.07779097387173396,0.922209026128266,0.9133016627078385,0.922209026128266,0.0,0.001979414093428345,0.001979414093428345,0.922209026128266,0.07779097387173396,0.0,0.0,0.1248639152810768,0.000244140625,0.0,0.0,0.0,0.001739501953125,0.00825653038918972,7.125,790
libero_spatial/pick_up_the_black_bowl_on_the_ramekin_and_place_it_on_the_plate/pin-on,routing_intervention,15,all,action,505200,0.0007265573291672852,0.04171155583735788,0.15473015997396605,0.9968241330167177,4.1968046627814865e-05,0.2969536817102138,0.7030463182897863,0.702929532858274,0.7030463182897863,0.0,7.917656373713381e-06,7.917656373713381e-06,0.7030463182897863,0.2969536817102138,0.0,0.0,0.12500463925178149,0.00024414050418615152,0.0,0.0,0.0,0.00054931640625,0.002288818359375,2.25,7893
libero_spatial/pick_up_the_black_bowl_on_the_ramekin_and_place_it_on_the_plate/pin-smoke,routing_intervention,2,0,state,190,0.011771754214638159,0.24553158408717105,0.4715399491159539,0.8364343172625491,4.4471339175575655e-05,0.0,1.0,1.0,1.0,0.8947368421052632,0.8947368421052632,0.0,0.10526315789473684,0.0,0.8947368421052632,0.0,0.125,0.0002987510279605263,0.8947368421052632,0.0,0.0064697265625,0.012420654296875,0.02623138390481472,50.875,4
libero_spatial/pick_up_the_black_bowl_on_the_ramekin_and_place_it_on_the_plate/pin-smoke,routing_intervention,2,all,action,1900,0.0005643503289473684,0.03947249563116776,0.14916857267680922,0.9975910906415236,3.7207352487664475e-05,0.17789473684210527,0.8221052631578948,0.7405263157894737,0.8221052631578948,0.0,0.015789473684210527,0.015789473684210527,0.8221052631578948,0.17789473684210527,0.0,0.0,0.12592105263157893,0.000244140625,0.0,0.0,0.0,0.00048828125,0.0024978637229651213,2.0,30
libero_spatial/pick_up_the_black_bowl_on_the_ramekin_and_place_it_on_the_plate/pin-smoke,routing_intervention,3,0,state,190,0.01225481535259046,0.3177843595805921,0.5106305574115954,0.7574158420688227,7.614336515727796e-05,0.05263157894736842,0.9473684210526315,0.9473684210526315,0.9473684210526315,1.0,1.0,0.0,0.0,0.0,1.0,0.0,0.11677631578947369,0.00026341488486842106,1.0,0.0,0.0072769164107739925,0.0150909423828125,0.02290496788918972,39.02083206176758,2
libero_spatial/pick_up_the_black_bowl_on_the_ramekin_and_place_it_on_the_plate/pin-smoke,routing_intervention,3,all,action,1900,0.000511522795024671,0.03917555959601152,0.14870854427939967,0.9975744529774314,3.7215383429276314e-05,0.1994736842105263,0.8005263157894736,0.7042105263157895,0.8005263157894736,0.0,0.022631578947368423,0.022631578947368423,0.8005263157894736,0.1994736842105263,0.0,0.0,0.12606907894736843,0.000244140625,0.0,0.0,0.0,0.0005645751953125,0.0014907836448401213,2.3125,30
libero_spatial/pick_up_the_black_bowl_on_the_ramekin_and_place_it_on_the_plate/pin-smoke,routing_intervention,4,0,state,190,0.003265380859375,0.30026084498355265,0.4449595401161595,0.818959465152339,5.119725277549342e-05,0.0,1.0,1.0,1.0,1.0,1.0,0.0,0.0,0.0,1.0,0.0,0.13322368421052633,0.00020559210526315788,1.0,0.0,0.0003402709844522178,0.0009307861328125,0.0015213012229651213,3.8125,2
libero_spatial/pick_up_the_black_bowl_on_the_ramekin_and_place_it_on_the_plate/pin-smoke,routing_intervention,4,all,action,1900,0.000530347322162829,0.03902673018606086,0.14836623342413652,0.9978005242661426,3.703870271381579e-05,0.1863157894736842,0.8136842105263158,0.7189473684210527,0.8136842105263158,0.0,0.02,0.02,0.8136842105263158,0.1863157894736842,0.0,0.0,0.12720394736842106,0.000244140625,0.0,0.0,0.0,0.000396728515625,0.0014495849609375,1.625,31
libero_spatial/pick_up_the_black_bowl_on_the_ramekin_and_place_it_on_the_plate/pin-smoke,routing_intervention,5,0,state,190,0.006962826377467105,0.2845201994243421,0.4733742161800987,0.8180946864579853,5.104667262027138e-05,0.10526315789473684,0.8947368421052632,0.8947368421052632,0.8947368421052632,1.0,1.0,0.0,0.0,0.0,1.0,0.0,0.11842105263157894,0.00026020250822368423,1.0,0.0,0.009686279110610485,0.01446533203125,0.01924438402056694,45.75,2
libero_spatial/pick_up_the_black_bowl_on_the_ramekin_and_place_it_on_the_plate/pin-smoke,routing_intervention,5,all,action,1900,0.0006630827251233553,0.040946815892269735,0.15304202431126646,0.996984442001895,3.603885048314145e-05,0.1531578947368421,0.8468421052631578,0.8026315789473685,0.8468421052631578,0.0,0.007894736842105263,0.007894736842105263,0.8468421052631578,0.1531578947368421,0.0,0.0,0.12457236842105263,0.000244140625,0.0,0.0,0.0,0.00054931640625,0.0017593384254723787,2.25,30
libero_spatial/pick_up_the_black_bowl_on_the_ramekin_and_place_it_on_the_plate/pin-smoke,routing_intervention,12,0,state,190,0.003726356907894737,0.0870313142475329,0.24280588250411184,0.9708326615785298,2.8911389802631577e-05,0.0,1.0,1.0,1.0,0.0,0.0,0.0,1.0,0.0,0.0,0.0,0.11019736842105263,0.000244140625,0.0,0.0,0.005053711123764515,0.006317138671875,0.007580566219985485,25.875,2
libero_spatial/pick_up_the_black_bowl_on_the_ramekin_and_place_it_on_the_plate/pin-smoke,routing_intervention,12,all,action,1900,0.0006976800215871711,0.040764497455797695,0.15342784680818256,0.9971184971458034,3.6874068410773025e-05,0.16631578947368422,0.8336842105263158,0.8221052631578948,0.8336842105263158,0.0,0.0,0.0,0.8336842105263158,0.16631578947368422,0.0,0.0,0.12444078947368421,0.000244140625,0.0,0.0,0.0,0.00054931640625,0.0013595580821856856,2.25,30
libero_spatial/pick_up_the_black_bowl_on_the_ramekin_and_place_it_on_the_plate/pin-smoke,routing_intervention,13,0,state,190,0.003136885793585526,0.06833046361019737,0.22352359169407895,0.9773441741341039,2.4895918996710526e-05,0.05263157894736842,0.9473684210526315,0.9473684210526315,0.9473684210526315,0.0,0.0,0.0,0.9473684210526315,0.05263157894736842,0.0,0.0,0.12664473684210525,0.000244140625,0.0,0.0,0.00168609619140625,0.0042266845703125,0.00676727294921875,17.3125,2
libero_spatial/pick_up_the_black_bowl_on_the_ramekin_and_place_it_on_the_plate/pin-smoke,routing_intervention,13,all,action,1900,0.0007380595960115131,0.041344315378289476,0.1548488416169819,0.9969082286797072,3.512733861019737e-05,0.19105263157894736,0.8089473684210526,0.8015789473684211,0.8089473684210526,0.0,0.0,0.0,0.8089473684210526,0.19105263157894736,0.0,0.0,0.12725328947368422,0.000244140625,0.0,0.0,0.0,0.0005950927734375,0.0016815185081213713,2.4375,30
libero_spatial/pick_up_the_black_bowl_on_the_ramekin_and_place_it_on_the_plate/pin-smoke,routing_intervention,14,0,state,190,0.0031995271381578946,0.0693921540912829,0.22075612921463816,0.9784572532302455,2.971448396381579e-05,0.05263157894736842,0.9473684210526315,0.9473684210526315,0.9473684210526315,0.0,0.0,0.0,0.9473684210526315,0.05263157894736842,0.0,0.0,0.12006578947368421,0.000244140625,0.0,0.0,0.0003662109375,0.0003662109375,0.0013275146484375,1.5,3
libero_spatial/pick_up_the_black_bowl_on_the_ramekin_and_place_it_on_the_plate/pin-smoke,routing_intervention,14,all,action,1900,0.0007869359066611842,0.04167435495476974,0.15547726279810856,0.9968176682685551,3.943593878495066e-05,0.25263157894736843,0.7473684210526316,0.7463157894736843,0.7473684210526316,0.0,0.0,0.0,0.7473684210526316,0.25263157894736843,0.0,0.0,0.1247532894736842,0.000244140625,0.0,0.0,0.0,0.0005340576171875,0.0018203735817223787,2.1875,28
libero_spatial/pick_up_the_black_bowl_on_the_ramekin_and_place_it_on_the_plate/pin-smoke,routing_intervention,15,0,state,190,0.0017684133429276315,0.05863551089638158,0.20212595086348684,0.9836638758057042,3.0517578125e-05,0.15789473684210525,0.8421052631578947,0.8421052631578947,0.8421052631578947,0.0,0.0,0.0,0.8421052631578947,0.15789473684210525,0.0,0.0,0.12171052631578948,0.000244140625,0.0,0.0,0.0001373291015625,0.001373291015625,0.0019775391556322575,5.625,3
libero_spatial/pick_up_the_black_bowl_on_the_ramekin_and_place_it_on_the_plate/pin-smoke,routing_intervention,15,all,action,1900,0.0007409828587582237,0.04146505255448191,0.15465642025596218,0.9967120288547716,4.214638157894737e-05,0.28842105263157897,0.7115789473684211,0.7115789473684211,0.7115789473684211,0.0,0.0,0.0,0.7115789473684211,0.28842105263157897,0.0,0.0,0.12942434210526316,0.000244140625,0.0,0.0,0.0,0.00054931640625,0.0017974853981286287,2.25,28
libero_spatial/pick_up_the_black_bowl_on_the_ramekin_and_place_it_on_the_plate/right-16x32,primary_canonical,2,0,state,51390,0.0098801950787635,0.2816387413308462,0.5048467068617435,0.8052119317744163,5.9339201712473793e-05,0.017707725238373224,0.9822922747616267,0.9815139132126873,0.9822922747616267,0.0,0.0,0.0,0.9822922747616267,0.017707725238373224,0.0,0.0,0.12580268534734385,0.0002720571719479714,0.0,0.0,0.0003662109375,0.00634002685546875,0.03235016018152237,24.91666603088379,804
libero_spatial/pick_up_the_black_bowl_on_the_ramekin_and_place_it_on_the_plate/right-16x32,primary_canonical,2,all,action,513900,0.0005627376677391941,0.03982839560225725,0.15004080887271357,0.9974147976710189,3.6733448795363884e-05,0.18065771550885387,0.8193422844911461,0.7452656158785756,0.8193422844911461,0.0,0.016983848997859506,0.016983848997859506,0.8193422844911461,0.18065771550885387,0.0,0.0,0.1250068106635532,0.000244140625,0.0,0.0,0.0,0.00030517578125,0.001678466796875,1.25,8030
libero_spatial/pick_up_the_black_bowl_on_the_ramekin_and_place_it_on_the_plate/right-16x32,primary_canonical,3,0,state,51390,0.008238828977876936,0.32513332719537485,0.5179575897650303,0.7636848438482592,6.63627954651164e-05,0.018680677174547577,0.9813193228254524,0.978984238178634,0.9813193228254524,0.0,0.0001945903872348706,0.0001945903872348706,0.9813193228254524,0.018680677174547577,0.0,0.0,0.12502432379840436,0.00024386745734213854,0.0,0.0,0.00025577546330168843,0.0055389404296875,0.02666320838034153,24.520833015441895,802
libero_spatial/pick_up_the_black_bowl_on_the_ramekin_and_place_it_on_the_plate/right-16x32,primary_canonical,3,all,action,513900,0.0005417298277799062,0.039448700099632555,0.14928660015485518,0.997482564812459,3.6630602656785885e-05,0.17914380229616658,0.8208561977038334,0.7322805993383927,0.8208561977038334,0.0,0.02086008951157813,0.02086008951157813,0.8208561977038334,0.17914380229616658,0.0,0.0,0.12507114711033274,0.000244140625,0.0,0.0,0.0,0.000396728515625,0.001678466796875,1.625,8030
libero_spatial/pick_up_the_black_bowl_on_the_ramekin_and_place_it_on_the_plate/right-16x32,primary_canonical,4,0,state,51390,0.00503699188915341,0.2182884594883337,0.38930599214873396,0.8767154825107205,4.887706135283836e-05,0.021988713757540378,0.9780112862424596,0.9647791399104885,0.9780112862424596,0.0,0.0017513134851138354,0.0017513134851138354,0.9780112862424596,0.021988713757540378,0.0,0.0,0.125814847246546,0.00023458569540219402,0.0,0.0,0.0002761840878520161,0.0032501220703125,0.01422119140625,13.875,802
libero_spatial/pick_up_the_black_bowl_on_the_ramekin_and_place_it_on_the_plate/right-16x32,primary_canonical,4,all,action,513900,0.0005585909826928573,0.03925744069506394,0.1490601182749448,0.9976550360618108,3.639866995379998e-05,0.17498929752870207,0.8250107024712979,0.7346623856781475,0.8250107024712979,0.0,0.021227865343452033,0.021227865343452033,0.8250107024712979,0.17498929752870207,0.0,0.0,0.12501599289745086,0.000244140625,0.0,0.0,0.0,0.000396728515625,0.001678466796875,1.625,8031
libero_spatial/pick_up_the_black_bowl_on_the_ramekin_and_place_it_on_the_plate/right-16x32,primary_canonical,5,0,state,51390,0.006249632114425988,0.28367713027066305,0.4639262295715724,0.8194526515569082,6.0895603207396866e-05,0.028604786923525978,0.971395213076474,0.9583576571317377,0.971395213076474,0.0,0.0015567230978789648,0.0015567230978789648,0.971395213076474,0.028604786923525978,0.0,0.0,0.1284904650710255,0.0002306039798674961,0.0,0.0,0.000152587890625,0.00350189208984375,0.02123718336224556,18.375,802
libero_spatial/pick_up_the_black_bowl_on_the_ramekin_and_place_it_on_the_plate/right-16x32,primary_canonical,5,all,action,513900,0.0006477143064410938,0.04095170982525631,0.15295798179031136,0.9969862402397085,3.6290716767705444e-05,0.1730998248686515,0.8269001751313485,0.7845514691574236,0.8269001751313485,0.0,0.009285853278848025,0.009285853278848025,0.8269001751313485,0.1730998248686515,0.0,0.0,0.1251266661801907,0.0002441405062314531,0.0,0.0,0.0,0.00054931640625,0.001983642578125,2.25,8030
libero_spatial/pick_up_the_black_bowl_on_the_ramekin_and_place_it_on_the_plate/right-16x32,primary_canonical,12,0,state,51390,0.003264769201358484,0.08538364069683121,0.24298089764697656,0.9714271983276385,3.343928437864857e-05,0.03677758318739054,0.9632224168126094,0.9305312317571512,0.9632224168126094,0.0,0.008172796263864565,0.008172796263864565,0.9632224168126094,0.03677758318739054,0.0,0.0,0.12439190503989103,0.00024433065467503403,0.0,0.0,0.00018310546875,0.0022125244140625,0.01089324988424778,9.0625,802
libero_spatial/pick_up_the_black_bowl_on_the_ramekin_and_place_it_on_the_plate/right-16x32,primary_canonical,12,all,action,513900,0.0007575524087591518,0.04157798296469477,0.15545002293183102,0.996827716962631,3.6496698543194504e-05,0.1677991827203736,0.8322008172796264,0.8239579684763573,0.8322008172796264,0.0,0.00047090873710838683,0.00047090873710838683,0.8322008172796264,0.1677991827203736,0.0,0.0,0.12492958260361939,0.000244140625,0.0,0.0,0.0,0.00054931640625,0.0023193359375,2.25,8030
libero_spatial/pick_up_the_black_bowl_on_the_ramekin_and_place_it_on_the_plate/right-16x32,primary_canonical,13,0,state,51390,0.0027965420205019217,0.0749855316156171,0.22799114012769234,0.9763550130187549,3.271553854599934e-05,0.04592333138742946,0.9540766686125706,0.9424012453784784,0.9540766686125706,0.0,0.0017513134851138354,0.0017513134851138354,0.9540766686125706,0.04592333138742946,0.0,0.0,0.1267756372835182,0.000244140625,0.0,0.0,0.0,0.0020904541015625,0.008209228515625,8.5625,802
libero_spatial/pick_up_the_black_bowl_on_the_ramekin_and_place_it_on_the_plate/right-16x32,primary_canonical,13,all,action,513900,0.0007730412524969899,0.041965963167308204,0.15592099224089834,0.9967716628313065,3.685732438977671e-05,0.18119673088149446,0.8188032691185055,0.8102588052150224,0.8188032691185055,0.0,0.0004456119867678537,0.0004456119867678537,0.8188032691185055,0.18119673088149446,0.0,0.0,0.1249637575403775,0.000244140625,0.0,0.0,0.0,0.00054931640625,0.0023666382767260075,2.25,8030
libero_spatial/pick_up_the_black_bowl_on_the_ramekin_and_place_it_on_the_plate/right-16x32,primary_canonical,14,0,state,51390,0.0028696678148259634,0.06720224273972623,0.2196966268877548,0.979579644795637,3.118045507736488e-05,0.057014983459817085,0.942985016540183,0.9330609067912046,0.942985016540183,0.0,0.001945903872348706,0.001945903872348706,0.942985016540183,0.057014983459817085,0.0,0.0,0.12524323798404358,0.00024416437870937923,0.0,0.0,0.00030517578125,0.00225830078125,0.0091705322265625,9.25,803
libero_spatial/pick_up_the_black_bowl_on_the_ramekin_and_place_it_on_the_plate/right-16x32,primary_canonical,14,all,action,513900,0.0007279656791204514,0.04116020379304932,0.15434773192931808,0.9969504203051067,3.9485553564044564e-05,0.25777972368165014,0.7422202763183499,0.7393189336446779,0.7422202763183499,0.0,0.00015761821366024517,0.00015761821366024517,0.7422202763183499,0.25777972368165014,0.0,0.0,0.12512544999027048,0.000244140625,0.0,0.0,0.0,0.00054931640625,0.00225830078125,2.25,8028
libero_spatial/pick_up_the_black_bowl_on_the_ramekin_and_place_it_on_the_plate/right-16x32,primary_canonical,15,0,state,51390,0.0023804482933054826,0.06551692893612267,0.21203171462255546,0.9809465103052915,3.2803130349335354e-05,0.06985794901731854,0.9301420509826814,0.9215800739443472,0.9301420509826814,0.0,0.000972951936174353,0.000972951936174353,0.9301420509826814,0.06985794901731854,0.0,0.0,0.12337030550690796,0.0002444494232219303,0.0,0.0,0.0,0.001373291015625,0.007321166805922985,5.625,803
libero_spatial/pick_up_the_black_bowl_on_the_ramekin_and_place_it_on_the_plate/right-16x32,primary_canonical,15,all,action,513900,0.0007307395779174876,0.04171738214264539,0.15491083041590276,0.9967392074419241,4.191581041670467e-05,0.29622689239151584,0.7037731076084841,0.7037011091652072,0.7037731076084841,0.0,3.891807744697412e-06,3.891807744697412e-06,0.7037731076084841,0.29622689239151584,0.0,0.0,0.12509905866900176,0.0002441405062314531,0.0,0.0,0.0,0.00054931640625,0.002288818359375,2.25,8028
libero_spatial/pick_up_the_black_bowl_on_the_stove_and_place_it_on_the_plate/right-16x32,primary_canonical,2,0,state,68160,0.0085497260653357,0.2444103760338725,0.46551837607728486,0.8379145342804176,5.361682652307788e-05,0.017458920187793426,0.9825410798122066,0.9790199530516432,0.9825410798122066,0.0,0.00029342723004694836,0.00029342723004694836,0.9825410798122066,0.017458920187793426,0.0,0.0,0.12705399061032863,0.00025809202955362384,0.0,0.0,0.00042724609375,0.005218505859375,0.02379760704934597,22.375,1065
libero_spatial/pick_up_the_black_bowl_on_the_stove_and_place_it_on_the_plate/right-16x32,primary_canonical,2,all,action,681600,0.0005630346307172461,0.03963214328031585,0.14977600281227363,0.9974086187570902,3.699938456217448e-05,0.1852963615023474,0.8147036384976526,0.7448870305164319,0.8147036384976526,0.0,0.015558978873239437,0.015558978873239437,0.8147036384976526,0.1852963615023474,0.0,0.0,0.12527013644366197,0.000244140625,0.0,0.0,0.0,0.00030517578125,0.001708984375,1.25,10650
libero_spatial/pick_up_the_black_bowl_on_the_stove_and_place_it_on_the_plate/right-16x32,primary_canonical,3,0,state,68160,0.006567045556547496,0.238418847742215,0.42463999454963935,0.8519599983477396,5.142679306822763e-05,0.017605633802816902,0.9823943661971831,0.971244131455399,0.9823943661971831,0.0,0.0017605633802816902,0.0017605633802816902,0.9823943661971831,0.017605633802816902,0.0,0.0,0.12472949677230047,0.00024215044549933063,0.0,0.0,0.00030517578125,0.0044708251953125,0.01904296875,19.75,1064
libero_spatial/pick_up_the_black_bowl_on_the_stove_and_place_it_on_the_plate/right-16x32,primary_canonical,3,all,action,681600,0.0005252641131620452,0.03916504492782091,0.14851700576818044,0.997619251298058,3.712389950461231e-05,0.18877347417840376,0.8112265258215963,0.7261781103286385,0.8112265258215963,0.0,0.019153462441314554,0.019153462441314554,0.8112265258215963,0.18877347417840376,0.0,0.0,0.12500907790492957,0.000244140625,0.0,0.0,0.0,0.00030517578125,0.001556396484375,1.25,10651
libero_spatial/pick_up_the_black_bowl_on_the_stove_and_place_it_on_the_plate/right-16x32,primary_canonical,4,0,state,68160,0.005738491183715247,0.22572953488345437,0.404505257315479,0.8739422409502273,4.8400720520198624e-05,0.022593896713615023,0.977406103286385,0.9614143192488263,0.977406103286385,0.0,0.001613849765258216,0.001613849765258216,0.977406103286385,0.022593896713615023,0.0,0.0,0.12591696009389672,0.00024049606681429724,0.0,0.0,0.0002792358282022178,0.0032501220703125,0.01833190955221653,14.125,1064
libero_spatial/pick_up_the_black_bowl_on_the_stove_and_place_it_on_the_plate/right-16x32,primary_canonical,4,all,action,681600,0.0005447875278096803,0.03910676038321195,0.14852235520949386,0.997742073330591,3.646587541965252e-05,0.1783274647887324,0.8216725352112676,0.7258641431924883,0.8216725352112676,0.0,0.022451584507042252,0.022451584507042252,0.8216725352112676,0.1783274647887324,0.0,0.0,0.1249173818955399,0.000244140625,0.0,0.0,0.0,0.00030517578125,0.00164794921875,1.25,10651
libero_spatial/pick_up_the_black_bowl_on_the_stove_and_place_it_on_the_plate/right-16x32,primary_canonical,5,0,state,68160,0.0072764902607376026,0.34692175063728725,0.5191809985559311,0.7598225160331373,6.722662370529533e-05,0.014524647887323943,0.985475352112676,0.966255868544601,0.985475352112676,0.0,0.0027875586854460093,0.0027875586854460093,0.985475352112676,0.014524647887323943,0.0,0.0,0.12431227992957747,0.0002115142177528059,0.0,0.0,0.0002487182500772178,0.00376129150390625,0.03207702562212944,21.5,1064
libero_spatial/pick_up_the_black_bowl_on_the_stove_and_place_it_on_the_plate/right-16x32,primary_canonical,5,all,action,681600,0.0006163566660992977,0.04025091798092838,0.1516237452780137,0.997172106598447,3.667678631527323e-05,0.18023034037558686,0.8197696596244132,0.7729533450704226,0.8197696596244132,0.0,0.010561913145539906,0.010561913145539906,0.8197696596244132,0.18023034037558686,0.0,0.0,0.12506519586267606,0.000244140625,0.0,0.0,0.0,0.00042724609375,0.001922607421875,1.75,10650
libero_spatial/pick_up_the_black_bowl_on_the_stove_and_place_it_on_the_plate/right-16x32,primary_canonical,12,0,state,68160,0.003076419024400308,0.07690870705904536,0.23644779993334847,0.9735422227181879,3.2904002588119865e-05,0.0443075117370892,0.9556924882629108,0.9392605633802817,0.9556924882629108,0.0,0.0030809859154929575,0.0030809859154929575,0.9556924882629108,0.0443075117370892,0.0,0.0,0.12481660798122066,0.0002442301718841696,0.0,0.0,0.00030517578125,0.001983642578125,0.00927734375,8.125,1064
libero_spatial/pick_up_the_black_bowl_on_the_stove_and_place_it_on_the_plate/right-16x32,primary_canonical,12,all,action,681600,0.0006300188342170536,0.03984240505057322,0.1504661412306235,0.9977234497101444,3.7357661645737054e-05,0.20055604460093895,0.799443955399061,0.7744087441314554,0.799443955399061,0.0,0.0013453638497652582,0.0013453638497652582,0.799443955399061,0.20055604460093895,0.0,0.0,0.1250187059859155,0.000244140625,0.0,0.0,0.0,0.000518798828125,0.001922607421875,2.125,10649
libero_spatial/pick_up_the_black_bowl_on_the_stove_and_place_it_on_the_plate/right-16x32,primary_canonical,13,0,state,68160,0.0030047277889341255,0.0726511019496291,0.229401064590669,0.9756515730137416,3.319111228548865e-05,0.042693661971830985,0.957306338028169,0.9492370892018779,0.957306338028169,0.0,0.0014671361502347417,0.0014671361502347417,0.957306338028169,0.042693661971830985,0.0,0.0,0.12694854019953053,0.0002442301718841696,0.0,0.0,0.00018310546875,0.0020751953125,0.00836181640625,8.5,1064
libero_spatial/pick_up_the_black_bowl_on_the_stove_and_place_it_on_the_plate/right-16x32,primary_canonical,13,all,action,681600,0.000643113095995406,0.04011514484602521,0.15108054501349938,0.9976119119800767,3.749783609954404e-05,0.20931484741784037,0.7906851525821597,0.7678433098591549,0.7906851525821597,0.0,0.0011957159624413146,0.0011957159624413146,0.7906851525821597,0.20931484741784037,0.0,0.0,0.12506757995892018,0.000244140625,0.0,0.0,0.0,0.00054931640625,0.001983642578125,2.25,10649
libero_spatial/pick_up_the_black_bowl_on_the_stove_and_place_it_on_the_plate/right-16x32,primary_canonical,14,0,state,68160,0.002866610674790933,0.07572093480069872,0.23040819839692453,0.9754561350239275,3.4702775623876724e-05,0.060152582159624414,0.9398474178403756,0.9388204225352113,0.9398474178403756,0.0,0.00029342723004694836,0.00029342723004694836,0.9398474178403756,0.060152582159624414,0.0,0.0,0.12481202318075117,0.00024419435313050177,0.0,0.0,0.0,0.00201416015625,0.0089111328125,8.25,1064
libero_spatial/pick_up_the_black_bowl_on_the_stove_and_place_it_on_the_plate/right-16x32,primary_canonical,14,all,action,681600,0.0006213308164211506,0.03980677550947163,0.15031632844271234,0.9976682834801189,4.1418153915047085e-05,0.30660944835680753,0.6933905516431925,0.6880399061032864,0.6933905516431925,0.0,0.00031836854460093897,0.00031836854460093897,0.6933905516431925,0.30660944835680753,0.0,0.0,0.12491096317488264,0.000244140625,0.0,0.0,0.0,0.00054931640625,0.00189208984375,2.25,10649
libero_spatial/pick_up_the_black_bowl_on_the_stove_and_place_it_on_the_plate/right-16x32,primary_canonical,15,0,state,68160,0.0020827575468681226,0.06171703786357468,0.20478058309062547,0.9834846045314706,3.288609321128594e-05,0.06968896713615023,0.9303110328638498,0.922975352112676,0.9303110328638498,0.0,0.0007335680751173709,0.0007335680751173709,0.9303110328638498,0.06968896713615023,0.0,0.0,0.12604074970657278,0.000244140625,0.0,0.0,0.0,0.00146484375,0.006129455752670765,6.0,1064
libero_spatial/pick_up_the_black_bowl_on_the_stove_and_place_it_on_the_plate/right-16x32,primary_canonical,15,all,action,681600,0.000607780828162538,0.04019765298691154,0.150472097844585,0.9974495640645424,4.395397895938354e-05,0.3439407276995305,0.6560592723004695,0.6559609741784037,0.6560592723004695,0.0,5.868544600938967e-06,5.868544600938967e-06,0.6560592723004695,0.3439407276995305,0.0,0.0,0.12493549185739436,0.00024413990862492664,0.0,0.0,0.0,0.00054931640625,0.00177001953125,2.25,10649
POOLED_PRIMARY,primary_pooled,2,0,state,549290,0.006120277958561777,0.21616500129179544,0.41125522727350305,0.8727033404580266,4.920348288762072e-05,0.02674361448415227,0.9732563855158477,0.9672668353692949,0.9732563855158477,0.0,0.000946676618908045,0.000946676618908045,0.9732563855158477,0.02674361448415227,0.0,0.0,0.12542270476433215,0.0002457945933969875,0.0,0.0,0.00030517578125,0.00384521484375,0.01949462853372097,16.25,8585
POOLED_PRIMARY,primary_pooled,2,all,action,5492900,0.00043365407956677597,0.03784523544585148,0.14449035066725696,0.9981945039469805,3.864932423540413e-05,0.2382681279469861,0.7617318720530138,0.6223856250796482,0.7617318720530138,0.0,0.02763658541025688,0.02763658541025688,0.7617318720530138,0.2382681279469861,0.0,0.0,0.1251066149028746,0.000244140625,0.0,0.0,0.0,0.000274658203125,0.001373291015625,1.125,85828
POOLED_PRIMARY,primary_pooled,3,0,state,549290,0.005387552839817847,0.18265363869669396,0.36436964273691486,0.8981840501841429,4.520037270193008e-05,0.026270276174698248,0.9737297238253018,0.96089497351126,0.9737297238253018,0.0,0.0018387372790329335,0.0018387372790329335,0.9737297238253018,0.026270276174698248,0.0,0.0,0.12488678566877241,0.0002449031616559843,0.0,0.0,0.00030517578125,0.003509521484375,0.016815185546875,15.0,8574
POOLED_PRIMARY,primary_pooled,3,all,action,5492900,0.00042292428044007663,0.03763186978357146,0.1440097475863551,0.9982501939250579,3.823464145391985e-05,0.22509057146498207,0.774909428535018,0.604452110906807,0.774909428535018,0.0,0.0385778004332866,0.0385778004332866,0.774909428535018,0.22509057146498207,0.0,0.0,0.12506881610806678,0.000244140625,0.0,0.0,0.0,0.000274658203125,0.0013427734375,1.125,85832
POOLED_PRIMARY,primary_pooled,4,0,state,549290,0.004049876348722612,0.2700517233530657,0.42173559246519154,0.8489943557668308,5.549226826943823e-05,0.025796937865244226,0.9742030621347558,0.9475868848877642,0.9742030621347558,0.0,0.0037502958364434087,0.0037502958364434087,0.9742030621347558,0.025796937865244226,0.0,0.0,0.12540961969087366,0.00022498525973586357,0.0,0.0,0.000152587890625,0.00252532958984375,0.012725830078125,11.625,8574
POOLED_PRIMARY,primary_pooled,4,all,action,5492900,0.0004301235598507704,0.03758025125776713,0.14386646208179502,0.9983697239049161,3.808359183168556e-05,0.22090152742631397,0.779098472573686,0.603855340530503,0.779098472573686,0.0,0.04029874929454386,0.04029874929454386,0.779098472573686,0.22090152742631397,0.0,0.0,0.12504673077973383,0.000244140625,0.0,0.0,0.0,0.000274658203125,0.001373291015625,1.125,85834
POOLED_PRIMARY,primary_pooled,5,0,state,549290,0.004136586037787043,0.26271158717123044,0.41862032024531676,0.8321950676285846,5.643318155574092e-05,0.02803619217535364,0.9719638078246463,0.9483697136303227,0.9719638078246463,0.0,0.0038595277540097216,0.0038595277540097216,0.9719638078246463,0.02803619217535364,0.0,0.0,0.12503982413661271,0.0002157744002929492,0.0,0.0,0.000152587890625,0.002410888671875,0.013397216796875,12.5,8574
POOLED_PRIMARY,primary_pooled,5,all,action,5492900,0.00048268085578282734,0.03862095907463712,0.1464926382777805,0.9979002002206213,3.838513063254632e-05,0.23510713830581295,0.764892861694187,0.6747743450636275,0.764892861694187,0.0,0.013507436873054307,0.013507436873054307,0.764892861694187,0.23510713830581295,0.0,0.0,0.12504183810009284,0.00024413641368644637,0.0,0.0,0.0,0.000274658203125,0.001495361328125,1.125,85827
POOLED_PRIMARY,primary_pooled,12,0,state,549290,0.0023342588770845093,0.06613555143166348,0.21143657732453486,0.9821741917329131,3.230398344393302e-05,0.051339001256167055,0.9486609987438329,0.9093921243787435,0.9486609987438329,0.0,0.008192393817473467,0.008192393817473467,0.9486609987438329,0.051339001256167055,0.0,0.0,0.12517067487119737,0.00024421173952966557,0.0,0.0,0.0,0.001617431640625,0.00750732421875,6.625,8575
POOLED_PRIMARY,primary_pooled,12,all,action,5492900,0.00044797953487399643,0.037427748637907855,0.14350618639072002,0.9986274177371955,3.988018514036657e-05,0.28167689198783885,0.7183231080121611,0.6226854666933678,0.7183231080121611,0.0,0.006480729669209343,0.006480729669209343,0.7183231080121611,0.28167689198783885,0.0,0.0,0.125073742922682,0.000244140625,0.0,0.0,0.0,0.000274658203125,0.00140380859375,1.125,85825
POOLED_PRIMARY,primary_pooled,13,0,state,549290,0.0021717841222980744,0.061418454675581206,0.20346462604842372,0.9843002629915103,3.267552908232246e-05,0.06124269511551275,0.9387573048844873,0.916783484134064,0.9387573048844873,0.0,0.003914143712792878,0.003914143712792878,0.9387573048844873,0.06124269511551275,0.0,0.0,0.12545740865480892,0.0002441495143162082,0.0,0.0,0.0,0.00146484375,0.00653076171875,6.0,8577
POOLED_PRIMARY,primary_pooled,13,all,action,5492900,0.00046084762012381895,0.03777032720604027,0.14429905353805808,0.9984854218118144,4.062542582602549e-05,0.29733674379653735,0.7026632562034627,0.6271690728030731,0.7026632562034627,0.0,0.005069817400644468,0.005069817400644468,0.7026632562034627,0.29733674379653735,0.0,0.0,0.12505875766899088,0.000244140625,0.0,0.0,0.0,0.000274658203125,0.001495361328125,1.125,85826
POOLED_PRIMARY,primary_pooled,14,0,state,549290,0.002111017034489978,0.061247654798374664,0.20178291492892386,0.985307226360466,3.2582538501050786e-05,0.06998124852081779,0.9300187514791822,0.9199512097434871,0.9300187514791822,0.0,0.002421307506053269,0.002421307506053269,0.9300187514791822,0.06998124852081779,0.0,0.0,0.12531574851171512,0.0002441495143162082,0.0,0.0,0.0,0.001434326171875,0.006591796875,5.875,8579
POOLED_PRIMARY,primary_pooled,14,all,action,5492900,0.00043889774830242507,0.03742736310826391,0.14337337050611287,0.9985857022158793,4.3364408880873136e-05,0.3663106919841978,0.6336893080158023,0.5834074896684811,0.6336893080158023,0.0,0.0035150831072839482,0.0035150831072839482,0.6336893080158023,0.3663106919841978,0.0,0.0,0.1249992547197291,0.00024414028053899693,0.0,0.0,0.0,0.000274658203125,0.00146484375,1.125,85821
POOLED_PRIMARY,primary_pooled,15,0,state,549290,0.0017272924773130427,0.05561993093410215,0.1907801804596971,0.9878918014925362,3.3235764346787445e-05,0.0870214276611626,0.9129785723388374,0.9030748784794917,0.9129785723388374,0.0,0.002057201114165559,0.002057201114165559,0.9129785723388374,0.0870214276611626,0.0,0.0,0.1256326348559049,0.0002441717376067287,0.0,0.0,0.0,0.001251220703125,0.0050048828125,5.125,8580
POOLED_PRIMARY,primary_pooled,15,all,action,5492900,0.00044748455274632224,0.03815483200072409,0.14453452942986805,0.998150819750342,4.734817408280946e-05,0.4264581550729123,0.5735418449270877,0.5679435270986182,0.5735418449270877,0.0,0.00040397604179941377,0.00040397604179941377,0.5735418449270877,0.4264581550729123,0.0,0.0,0.1250902244260773,0.00024413079119394468,0.0,0.0,0.0,0.000518798828125,0.0015869140625,2.125,85823
