signal,class,window,n_matched_inits,effect_sd,ci_lo,ci_hi,separated
state_route_speed,active_return,lead_-6_-2,8,1.9832074137244804,1.6615439932761722,2.3560854747282827,True
state_route_speed,active_return,sync_-1_+1,8,0.9982358100659413,0.5937819574382719,1.38140802623541,True
state_route_speed,active_return,after_+2_+6,8,0.9720710495605934,0.24192451413201896,1.7011014793195123,True
state_route_speed,stagnation_core,lead_-6_-2,10,0.27445585634260083,0.0690216578401544,0.542460142292405,True
state_route_speed,stagnation_core,sync_-1_+1,10,0.0359621085639364,-0.12130932731752118,0.19257986915037864,False
state_route_speed,stagnation_core,after_+2_+6,10,-1.2881827503498822,-1.7023851704745907,-0.7995804750415171,True
action_route_speed,active_return,lead_-6_-2,8,1.4903671200232553,1.0543618464312259,1.8723393289626595,True
action_route_speed,active_return,sync_-1_+1,8,0.3826291079724011,-0.1996058164611376,0.9081132391533454,False
action_route_speed,active_return,after_+2_+6,8,0.8197051035598008,-0.0953549277662362,1.6063670811718558,False
action_route_speed,stagnation_core,lead_-6_-2,10,-0.06001659977918454,-0.18743113640994188,0.053140955739697036,False
action_route_speed,stagnation_core,sync_-1_+1,10,-0.46660533051716996,-0.6744495864680278,-0.2902081883211181,True
action_route_speed,stagnation_core,after_+2_+6,10,-1.6218045835218895,-1.9285822256825693,-1.2520619988337802,True
state_route_soft_speed,active_return,lead_-6_-2,8,2.2729893073833374,2.0609478732158504,2.4724372261604715,True
state_route_soft_speed,active_return,sync_-1_+1,8,1.0419524543620104,0.8666616489915714,1.213971311110306,True
state_route_soft_speed,active_return,after_+2_+6,8,0.8183677945890613,0.507091030595907,1.153590488893751,True
state_route_soft_speed,stagnation_core,lead_-6_-2,10,0.2654204998355944,0.022054942726538886,0.6138937888202664,True
state_route_soft_speed,stagnation_core,sync_-1_+1,10,0.12625152535629414,-0.03592977133165316,0.3898091765377962,False
state_route_soft_speed,stagnation_core,after_+2_+6,10,-0.6631927369875508,-0.949336214044916,-0.32871409685435354,True
action_route_soft_speed,active_return,lead_-6_-2,8,2.372970611283794,2.0870701256457784,2.6258307622463852,True
action_route_soft_speed,active_return,sync_-1_+1,8,1.7075181267325246,1.2737704416188849,2.104039844775066,True
action_route_soft_speed,active_return,after_+2_+6,8,1.3564156046237612,0.6583321041567233,2.1256048870599953,True
action_route_soft_speed,stagnation_core,lead_-6_-2,10,-0.06075956392698466,-0.20083194933072238,0.07714698971032782,False
action_route_soft_speed,stagnation_core,sync_-1_+1,10,-0.34504897134935075,-0.5304684394868681,-0.16605533915931214,True
action_route_soft_speed,stagnation_core,after_+2_+6,10,-1.4530374809407378,-1.8547171312295367,-0.9952135858895097,True
state_entropy,active_return,lead_-6_-2,8,-1.0678111958285792,-1.3644850290310644,-0.699761756354359,True
state_entropy,active_return,sync_-1_+1,8,-4.064376167001295,-4.3561622597621765,-3.7442915910471455,True
state_entropy,active_return,after_+2_+6,8,-2.0159314338374235,-2.483013915452433,-1.597240415674368,True
state_entropy,stagnation_core,lead_-6_-2,10,0.20178311053243767,0.04480933943066406,0.37640094186678136,True
state_entropy,stagnation_core,sync_-1_+1,10,0.019773082273912904,-0.09353149278883878,0.12417575197004287,False
state_entropy,stagnation_core,after_+2_+6,10,1.074772402588343,0.7536614343963164,1.3747325534785166,True
action_entropy,active_return,lead_-6_-2,8,-2.150745278958183,-2.4388753756104804,-1.8100996321687162,True
action_entropy,active_return,sync_-1_+1,8,-1.8205352753397812,-1.9928249639946467,-1.6523147674054302,True
action_entropy,active_return,after_+2_+6,8,-2.44742689008337,-2.730824658948715,-2.1320490133809207,True
action_entropy,stagnation_core,lead_-6_-2,10,-0.32471295269700606,-0.8322689789636898,0.08537046848996008,False
action_entropy,stagnation_core,sync_-1_+1,10,-0.05262433576366682,-0.5851142405360092,0.3872579090934736,False
action_entropy,stagnation_core,after_+2_+6,10,-0.30969731676498047,-0.996701573617893,0.2731508659488388,False
state_top1_mass,active_return,lead_-6_-2,8,0.9568141734148634,0.627394020144219,1.2725275034058725,True
state_top1_mass,active_return,sync_-1_+1,8,3.9021788251976814,3.6283157733724063,4.2028821048564815,True
state_top1_mass,active_return,after_+2_+6,8,1.5192140753921528,1.1502970262633951,1.9356739748802478,True
state_top1_mass,stagnation_core,lead_-6_-2,10,-0.22868466139592636,-0.4608523014911979,-0.03571570795757028,True
state_top1_mass,stagnation_core,sync_-1_+1,10,-0.05599885409048182,-0.20193712157647312,0.06562312559321586,False
state_top1_mass,stagnation_core,after_+2_+6,10,-1.1701691616871839,-1.536362409155703,-0.7974118487768662,True
action_top1_mass,active_return,lead_-6_-2,8,2.527428133202818,2.208041652714645,2.860644738128672,True
action_top1_mass,active_return,sync_-1_+1,8,2.3579499536769033,2.0791110376392927,2.6223916690092985,True
action_top1_mass,active_return,after_+2_+6,8,1.4626097041994772,1.1289197887618547,1.8356904077105096,True
action_top1_mass,stagnation_core,lead_-6_-2,10,0.30226362933838746,-0.09917215156048696,0.7381274293464097,False
action_top1_mass,stagnation_core,sync_-1_+1,10,0.24972535827224887,-0.16426814900936657,0.7559004844458606,False
action_top1_mass,stagnation_core,after_+2_+6,10,-0.029402148145851095,-0.6112106466017593,0.7316945810652374,False
state_route_recurrence,active_return,lead_-6_-2,8,-2.2504927390759684,-2.456195845248702,-2.051975419668902,True
state_route_recurrence,active_return,sync_-1_+1,8,-0.9876080365871881,-1.1377265983984748,-0.8403434581780573,True
state_route_recurrence,active_return,after_+2_+6,8,-0.7653061753619075,-1.1046946566650446,-0.4731465831185021,True
state_route_recurrence,stagnation_core,lead_-6_-2,10,-0.2370703934718915,-0.6041706650818935,0.018616186198243168,False
state_route_recurrence,stagnation_core,sync_-1_+1,10,-0.08758833307531656,-0.34301074067300397,0.0863913372733704,False
state_route_recurrence,stagnation_core,after_+2_+6,10,0.7555729468085619,0.44718286030028176,1.0173584549257357,True
action_route_recurrence,active_return,lead_-6_-2,8,-2.3414977890460076,-2.5845201627332623,-2.094260052985972,True
action_route_recurrence,active_return,sync_-1_+1,8,-1.8356287845779418,-2.203184312677811,-1.3615734362575633,True
action_route_recurrence,active_return,after_+2_+6,8,-1.500660897779375,-2.2319893350463222,-0.7165990620623955,True
action_route_recurrence,stagnation_core,lead_-6_-2,10,0.014603556640502672,-0.10334512956946382,0.15273219063795207,False
action_route_recurrence,stagnation_core,sync_-1_+1,10,0.3117611394338445,0.11449557159550475,0.4812583061309164,True
action_route_recurrence,stagnation_core,after_+2_+6,10,1.4800278230045503,1.064175337177611,1.8356165811011422,True
action_denoise_drift,active_return,lead_-6_-2,8,-0.7416938277748648,-1.2111469101081738,-0.1622174240303199,True
action_denoise_drift,active_return,sync_-1_+1,8,-2.054490870548894,-2.7041959191863447,-1.4905249159394731,True
action_denoise_drift,active_return,after_+2_+6,8,-1.3042228386458785,-1.7087504171080812,-0.8717510300888122,True
action_denoise_drift,stagnation_core,lead_-6_-2,10,-0.11778036697957633,-0.26860290618148824,0.04477289947210151,False
action_denoise_drift,stagnation_core,sync_-1_+1,10,-0.04700340163430108,-0.2239329377023892,0.1368534164155572,False
action_denoise_drift,stagnation_core,after_+2_+6,10,0.10636003782829716,-0.20889934464623305,0.39058648444774074,False
action_denoise_span,active_return,lead_-6_-2,8,0.22538917939441042,-0.10215597012088883,0.5646852802910426,False
action_denoise_span,active_return,sync_-1_+1,8,-0.7736113410603951,-1.5020400938500673,-0.07543816334067034,True
action_denoise_span,active_return,after_+2_+6,8,-0.19692139514129084,-0.6157634875599861,0.246336425123279,False
action_denoise_span,stagnation_core,lead_-6_-2,10,0.09841352113597134,-0.15382646501716293,0.3672051416691515,False
action_denoise_span,stagnation_core,sync_-1_+1,10,-0.1739059448878069,-0.40761699672207685,0.06105106741074781,False
action_denoise_span,stagnation_core,after_+2_+6,10,0.084932139761767,-0.09441091378270428,0.23713080845764908,False
state_action_overlap,active_return,lead_-6_-2,8,-0.28143930453392296,-0.5069736579326113,-0.03292422000792975,True
state_action_overlap,active_return,sync_-1_+1,8,-0.26075884566451435,-0.8031395781730869,0.216955351238789,False
state_action_overlap,active_return,after_+2_+6,8,-0.9041878861826461,-1.550691063540734,-0.3038615369900878,True
state_action_overlap,stagnation_core,lead_-6_-2,10,0.4124111046894908,0.05042108398491038,0.8478479054453731,True
state_action_overlap,stagnation_core,sync_-1_+1,10,0.5355125026057531,0.24726721976990904,0.8583725339922509,True
state_action_overlap,stagnation_core,after_+2_+6,10,0.31667829477011167,0.11232781894087493,0.545783361331377,True
