equivalence_class,name,evidence,evidence_source,note
E1_total_residual_routing_energy,conditional_energy,reference member of the class,moe-hb-front-back-0905 METRIC_NAMES,"The published name. = 1 - mean_t(<a_t,s>^2), verified to 2.54e-08 in moe-state-channel-0906/results/formation/formation_summary.json"
E1_total_residual_routing_energy,state_action_alignment,exact monotone (decreasing) transform; all external metrics bit-identical,moe-hb-front-back-0905/docs/FRAME_SURVEY_REPORT_ZH.md §5; dependence ratio 1253,Circuit redundancy table: rho_state_action_alignment = -rho_conditional_energy to 7 digits for all 31 circuit features.
E1_total_residual_routing_energy,kernel_trace,= 10 x conditional_energy; identical survival AUC in 288/288 cells,moe-audit-0906/results/recheck_survival_auc.csv vs moe-token-geometry-0906/results/effect/survival_conditioned_auc.csv,THE GEOMETRY BUNDLE EVALUATED conditional_energy UNDER THIS NAME AND NEVER NOTICED.
E1_total_residual_routing_energy,ground_leak_mean,|Spearman| = 1.0000 vs conditional_energy,moe-circuit-analogy-0906/results/diagnostics/redundancy_vs_published.csv,exact monotone transform
E1_total_residual_routing_energy,lam_max,|Spearman| = 0.9991 vs conditional_energy,moe-circuit-analogy-0906/results/diagnostics/redundancy_vs_published.csv,
E1_total_residual_routing_energy,res_chain_series,|Spearman| = 0.9987 vs conditional_energy,moe-circuit-analogy-0906/results/diagnostics/redundancy_vs_published.csv,
E1_total_residual_routing_energy,res_adjacent_mean,|Spearman| = 0.9987 vs conditional_energy,moe-circuit-analogy-0906/results/diagnostics/redundancy_vs_published.csv,
E1_total_residual_routing_energy,vol,|Spearman| = 0.9986 vs conditional_energy,moe-circuit-analogy-0906/results/diagnostics/redundancy_vs_published.csv,total conductance
E1_total_residual_routing_energy,log_spanning_trees,|Spearman| = 0.9985 vs conditional_energy,moe-circuit-analogy-0906/results/diagnostics/redundancy_vs_published.csv,matrix-tree theorem
E1_total_residual_routing_energy,log_kirchhoff,|Spearman| = 0.9984 vs conditional_energy,moe-circuit-analogy-0906/results/diagnostics/redundancy_vs_published.csv,Kirchhoff index
E1_total_residual_routing_energy,res_mean,|Spearman| = 0.9984 vs conditional_energy,moe-circuit-analogy-0906/results/diagnostics/redundancy_vs_published.csv,
E1_total_residual_routing_energy,res_end2end,|Spearman| = 0.9962 vs conditional_energy,moe-circuit-analogy-0906/results/diagnostics/redundancy_vs_published.csv,
E1_total_residual_routing_energy,fiedler,|Spearman| = 0.9945 vs conditional_energy,moe-circuit-analogy-0906/results/diagnostics/redundancy_vs_published.csv,algebraic connectivity
E1_total_residual_routing_energy,th_mean,|Spearman| = 0.9882 vs conditional_energy,moe-circuit-analogy-0906/results/diagnostics/redundancy_vs_published.csv,
E1_total_residual_routing_energy,th_min,|Spearman| = 0.9886 vs conditional_energy,moe-circuit-analogy-0906/results/diagnostics/redundancy_vs_published.csv,
E1_total_residual_routing_energy,th_max,|Spearman| = 0.9845 vs conditional_energy,moe-circuit-analogy-0906/results/diagnostics/redundancy_vs_published.csv,
E1_total_residual_routing_energy,th_first,|Spearman| = 0.9846 vs conditional_energy,moe-circuit-analogy-0906/results/diagnostics/redundancy_vs_published.csv,
E1_total_residual_routing_energy,th_last,|Spearman| = 0.9856 vs conditional_energy,moe-circuit-analogy-0906/results/diagnostics/redundancy_vs_published.csv,
E1_total_residual_routing_energy,commute_time,= 2 * vol * R by definition,moe-circuit-analogy-0906 §3,Removed at implementation time; no new degree of freedom.
E2_relative_edge_shape_scale_free,partial_edge_std,reference member of the class,moe-hb-front-back-0905 METRIC_NAMES,
E2_relative_edge_shape_scale_free,norm_fiedler,|Spearman| = 0.9740 vs partial_edge_std,moe-circuit-analogy-0906/results/diagnostics/redundancy_vs_published.csv,
E2_relative_edge_shape_scale_free,gap_ratio,|Spearman| = 0.8672 vs partial_edge_std,moe-circuit-analogy-0906/results/diagnostics/redundancy_vs_published.csv,
E2_relative_edge_shape_scale_free,spectral_erank,|Spearman| = 0.8638 vs partial_edge_std,moe-circuit-analogy-0906/results/diagnostics/redundancy_vs_published.csv,
E2_relative_edge_shape_scale_free,kirchhoff_efficiency,|Spearman| = 0.8637 vs partial_edge_std,moe-circuit-analogy-0906/results/diagnostics/redundancy_vs_published.csv,
E2_relative_edge_shape_scale_free,res_cv,|Spearman| = 0.8407 vs partial_edge_std,moe-circuit-analogy-0906/results/diagnostics/redundancy_vs_published.csv,
E2_relative_edge_shape_scale_free,dd_deficit,|Spearman| = 0.9989 vs conditional_effective_rank,moe-circuit-analogy-0906/results/diagnostics/redundancy_vs_published.csv,
E2_relative_edge_shape_scale_free,spectral_erank ~ kirchhoff_efficiency,internal |Spearman| = 0.9999,moe-circuit-analogy-0906/results/diagnostics/circuit_internal_spearman.csv,gap_ratio / spectral_erank / kirchhoff_efficiency / res_cv are ONE quantity (all pairwise >= 0.992).
E2_relative_edge_shape_scale_free,gap_ratio ~ spectral_erank,internal |Spearman| = 0.9947,moe-circuit-analogy-0906/results/diagnostics/circuit_internal_spearman.csv,gap_ratio / spectral_erank / kirchhoff_efficiency / res_cv are ONE quantity (all pairwise >= 0.992).
E2_relative_edge_shape_scale_free,gap_ratio ~ kirchhoff_efficiency,internal |Spearman| = 0.9949,moe-circuit-analogy-0906/results/diagnostics/circuit_internal_spearman.csv,gap_ratio / spectral_erank / kirchhoff_efficiency / res_cv are ONE quantity (all pairwise >= 0.992).
E2_relative_edge_shape_scale_free,res_cv ~ spectral_erank,internal |Spearman| = 0.9977,moe-circuit-analogy-0906/results/diagnostics/circuit_internal_spearman.csv,gap_ratio / spectral_erank / kirchhoff_efficiency / res_cv are ONE quantity (all pairwise >= 0.992).
E2_relative_edge_shape_scale_free,norm_fiedler ~ gap_ratio,internal |Spearman| = 0.8956,moe-circuit-analogy-0906/results/diagnostics/circuit_internal_spearman.csv,gap_ratio / spectral_erank / kirchhoff_efficiency / res_cv are ONE quantity (all pairwise >= 0.992).
E3_token_arc_order,bandedness (distance-lag correlation),reference member,moe-token-geometry-0906,
E3_token_arc_order,"Robinson property / Spearman(d,|i-j|)","same construct, thresholded",moe-token-geometry-0906 §2,630/632 (task x layer) cells satisfy it.
E3_token_arc_order,pc1_index_corr / PC1 vs token index,r = 0.958-0.998,moe-token-geometry-0906 §2,
E3_token_arc_order,fiedler_index_rho (norm_fiedler VECTOR ordering),schur_normalised median |Spearman| 0.8909-0.9879 across 8 layers,moe-state-channel-0906/results/controller_probes/probe_summary.json,"Same statistic as arc order in the BACK layers only. schur_combinatorial (unnormalised) is 0.3939-0.5515 in the front layers, so the equivalence is layer-dependent, NOT 1.0000 everywhere."
E3_token_arc_order,arc_stretch / neighbour_ratio,declared in moe-state-channel-0906 PREREG as arc-order family,moe-state-channel-0906/results/PREREG.md §A.1,
E4_centred_configuration_size,size (sqrt tr(J C J)),reference member,moe-token-geometry-0906,
E4_centred_configuration_size,centred_energy = 0.9*(1-action_consensus),"algebraic identity on the raw Gram, max abs error 2.29e-08",moe-state-channel-0906/results/formation/formation_summary.json,"Related to E1 by size^2 = 10*conditional_energy - (1/10)*1^T C 1. Not the same quantity, but not independent either."
E4_centred_configuration_size,overlap with conditional_effective_rank / partial_edge_std,|Pearson| up to 0.755 / 0.739 at L12,moe-token-geometry-0906/results/geometry/overlap_with_existing.csv,The geometry bundle itself flags size as not a new quantity.
E5_cross_query_routing_change,mobility (final step),reference member,moe-hb-front-back-0905,
E5_cross_query_routing_change,mobility_step s0..s9,"step-0 vs step-9 within-task correlation only 0.24-0.35 at L2, 0.80-0.88 at L12-L15",moe-flow-semantics-0906 §3,FRONT-LAYER early-step mobility is genuinely a DIFFERENT quantity; back-layer steps are one quantity.
E5_cross_query_routing_change,conditional_query_d1 / partial_query_d1,"declared same ""adjacent_query"" frame",moe-hb-front-back-0905/results/frame_survey/survey.json,
E5_cross_query_routing_change,v7 relative_freeze / mob_ratio,mobility of L12-L15 divided by the rollout own q1-q4 baseline,moe-v7-0905/docs/SURVIVAL_BASELINE_REPORT_ZH.md §5,"Same quantity, rollout-relative reference frame."
E6_expert_load_concentration,expert_load_effective_rank,reference member,moe-hb-front-back-0905,
E6_expert_load_concentration,load_entropy_s9,"effective rank is a strict monotone transform of the entropy; same L3/low/q0.85 winner, same 370/93",moe-flow-semantics-0906 §6 + tests/test_anchors.py,Confirmed identical TP/FP; lift differs only in the 5th decimal (see consistency C03).
S_singletons,flow_settling_log_ratio,distinct denoising-step velocity profile; but collapses to 3 TP under a global threshold,moe-hb-front-back-0905/docs/FRAME_SURVEY_REPORT_ZH.md §2,
S_singletons,token_differentiation,= I(token;expert); no published equivalent found,moe-flow-semantics-0906 §2,
S_singletons,state_mobility_step,"carries ZERO step information (state route is step-invariant); NOT redundant, EMPTY",moe-flow-semantics-0906 §7.4,
S_singletons,n_near_zero / foster_residual / neg_count / neg_mass,"|rho| <= 0.020, near-constant; survival AUC 0.4951-0.5002",moe-circuit-analogy-0906 §6,
