run_role,evaluation_role,episode_index,init_state_id,success,failure_family,queries,score_max,raw_reject_queries,alarm_queries,formal_alarm,missed_grasp_queries,nearest_alarm_minus_missed_query
preliminary_gpu4,calibration_source_contaminated,0,3,False,target_missed_grasp_proxy,52,1.126068994609901,"[12,34,35,37,38,39,40]","[35,38,39,40]",True,[37],1
preliminary_gpu4,calibration_source_contaminated,1,0,True,success,38,1.0,[],[],False,[],
preliminary_gpu4,calibration_source_contaminated,2,20,False,target_missed_grasp_proxy,52,1.2275261423417174,"[13,22,31,32,33]","[32,33]",True,"[14,33]",0
preliminary_gpu4,calibration_source_contaminated,3,7,True,success,38,1.0,[],[],False,[],
preliminary_gpu4,calibration_source_contaminated,4,7,True,success,37,1.0,[],[],False,[],
preliminary_gpu4,calibration_source_contaminated,5,20,True,success,41,1.0,[],[],False,[],
preliminary_gpu4,calibration_source_contaminated,6,0,True,success,39,1.0,[],[],False,[],
preliminary_gpu4,calibration_source_contaminated,7,3,False,other_failure,52,1.1134594741157688,"[10,11,29,30,31,32,35,38,40,41,43,45,47,50]","[11,30,31,32,41]",True,[],
heldout_gpu4,legacy_heldout_for_v1_not_v2,0,7,True,success,42,1.08463566499092,"[10,14,19]",[],False,[],
heldout_gpu4,legacy_heldout_for_v1_not_v2,1,3,False,target_missed_grasp_proxy,52,1.0973569404090981,"[12,30,33,34,35,36,37]","[34,35,36,37]",True,[34],0
heldout_gpu4,legacy_heldout_for_v1_not_v2,2,20,False,other_failure,52,1.1425885205551891,"[14,35]",[],False,[],
heldout_gpu4,legacy_heldout_for_v1_not_v2,3,0,False,other_failure,52,1.2898235109652014,"[45,50,51]",[51],True,[],
heldout_gpu4,legacy_heldout_for_v1_not_v2,4,20,False,target_missed_grasp_proxy,52,1.28627310011088,"[13,14,33,34]","[14,34]",True,"[14,34]",0
heldout_gpu4,legacy_heldout_for_v1_not_v2,5,7,True,success,39,1.0498798934759,[37],[],False,[],
heldout_gpu4,legacy_heldout_for_v1_not_v2,6,3,False,other_failure,52,1.0762193282138808,"[11,28,34,37,39,40,41,43,47]","[40,41]",True,[],
heldout_gpu4,legacy_heldout_for_v1_not_v2,7,0,True,success,40,1.0409483057848143,[],[],False,[],
gpu5_extended,retrospective_feature_development,0,7,True,success,37,1.0289084631050527,[],[],False,[],
gpu5_extended,retrospective_feature_development,1,20,False,other_failure,52,1.4048440673372338,"[13,23,32,36,39,40,41,42,43,44,46,47,48,49,50,51]","[40,41,42,43,44,47,48,49,50,51]",True,[],
gpu5_extended,retrospective_feature_development,2,0,True,success,39,1.031593213521994,[],[],False,[],
gpu5_extended,retrospective_feature_development,3,3,False,other_failure,52,1.188604092408774,"[34,35,36,37]","[35,36,37]",True,[],
gpu5_extended,retrospective_feature_development,4,3,False,target_missed_grasp_proxy,52,1.0855462240919322,"[18,19,30]",[19],True,[48],-29
gpu5_extended,retrospective_feature_development,5,7,True,success,37,1.0134433258672586,[],[],False,[],
gpu5_extended,retrospective_feature_development,6,0,True,success,44,1.0432360054253547,[],[],False,[],
gpu5_extended,retrospective_feature_development,7,20,False,other_failure,52,1.2296353199835954,"[14,18,23,33,34,35,42,43,46,47,48]","[34,35,43,47,48]",True,[],
gpu5_extended,retrospective_feature_development,8,7,True,success,38,1.0329852387313347,[],[],False,[],
gpu5_extended,retrospective_feature_development,9,0,False,other_failure,52,1.3092054962470114,"[31,33,46,48]",[],False,[],
gpu5_extended,retrospective_feature_development,10,20,False,target_missed_grasp_proxy,52,1.0707795689786361,"[12,24,33,34]",[34],True,"[15,35]",-1
gpu5_extended,retrospective_feature_development,11,3,False,other_failure,52,1.104944791766539,"[11,12,18,27,28]","[12,28]",True,[],
gpu5_extended,retrospective_feature_development,12,7,True,success,37,1.017291607625201,[],[],False,[],
gpu5_extended,retrospective_feature_development,13,0,True,success,38,1.0057630782636686,[],[],False,[],
gpu5_extended,retrospective_feature_development,14,20,False,target_missed_grasp_proxy,52,1.1035977595379771,"[13,39]",[],False,[37],
gpu5_extended,retrospective_feature_development,15,3,False,other_failure,52,1.2483164492355174,"[1,12,18,20,29,48,49,50,51]","[49,50,51]",True,[],
gpu5_extended,retrospective_feature_development,16,7,True,success,38,1.049962964084293,[17],[],False,[],
gpu5_extended,retrospective_feature_development,17,20,False,other_failure,52,1.0991928934093418,"[14,23,33,34,35,36,37,38,45,47,50,51]","[34,35,36,37,38,51]",True,[],
gpu5_extended,retrospective_feature_development,18,0,True,success,41,1.162789787820799,[11],[],False,[],
gpu5_extended,retrospective_feature_development,19,3,False,other_failure,52,1.0701497577980124,"[11,12,33,34,35,43,47,50,51]","[12,34,35,51]",True,[],
gpu5_extended,retrospective_feature_development,20,7,True,success,37,0.9994259385032197,[],[],False,[],
gpu5_extended,retrospective_feature_development,21,20,False,target_missed_grasp_proxy,52,1.1308443661922134,"[11,13,14,34]",[14],True,"[14,34]",0
gpu5_extended,retrospective_feature_development,22,3,False,other_failure,52,1.158438032045529,"[12,33,34]",[34],True,[],
gpu5_extended,retrospective_feature_development,23,0,False,target_missed_grasp_proxy,52,1.0893807968310787,"[34,40,47]",[],False,[45],
